person_id,at,source,seconds
pab9b19cb,2026-06-23 08:25,Recommended match,142
p8697b71d,2026-06-23 08:30,From Community,183
p5feb8988,2026-06-23 08:45,Recommended match,116
pd7c1469e,2026-06-23 08:55,From Community,168
p7b6c4c76,2026-06-23 09:20,From chat share,179
p2dbd5d66,2026-06-23 09:20,Visited profile,194
pd8c7dbba,2026-06-23 10:35,Visited profile,156
p3f7e6cb9,2026-06-23 12:15,Recommended match,227
pdd562f24,2026-06-23 12:15,Recommended match,117
p43a30c16,2026-06-23 12:25,From Community,123
p2dbd5d66,2026-06-23 12:45,Visited profile,47
padb63d25,2026-06-23 14:30,From chat share,27
pe37491dd,2026-06-23 15:25,Visited profile,166
p8b3bfcbd,2026-06-23 16:10,Visited profile,77
pcec5d40f,2026-06-23 16:30,Visited profile,109
p5fe678f8,2026-06-23 16:50,From Community,43
p8dab0a00,2026-06-23 17:25,Recommended match,30
p50ec6879,2026-06-23 18:40,From chat share,34
pc49cef5f,2026-06-23 18:40,From chat share,230
pd81c702a,2026-06-23 19:10,Recommended match,171
p3b0141d4,2026-06-23 19:20,Visited profile,203
p7d97f8f5,2026-06-23 19:20,Visited profile,122
p56fc3905,2026-06-23 20:30,Recommended match,59
p2796b37d,2026-06-23 21:20,From chat share,198
pb653815a,2026-06-23 21:25,Visited profile,26
pd3b262ae,2026-06-23 21:55,From Community,49
p44d4a3aa,2026-06-24 08:15,Visited profile,149
p77e63c9d,2026-06-24 08:40,From chat share,81
p3f7e6cb9,2026-06-24 09:40,From Community,32
p25669239,2026-06-24 10:05,Visited profile,168
p91cc57ef,2026-06-24 11:10,From chat share,238
pb05ac10e,2026-06-24 11:25,From chat share,117
p24c26449,2026-06-24 13:10,From Community,31
p23056710,2026-06-24 13:40,Visited profile,61
p6650e8e3,2026-06-24 13:50,Recommended match,100
pe6398d1e,2026-06-24 14:30,From Community,197
pe135b9df,2026-06-24 14:30,From chat share,108
p29d75690,2026-06-24 17:05,Visited profile,114
p7618ddf4,2026-06-24 18:35,Visited profile,98
pc9e1495c,2026-06-24 19:10,From chat share,20
p90f96e1f,2026-06-24 20:15,Recommended match,240
p376c2158,2026-06-24 21:15,Visited profile,123
pff15bd47,2026-06-25 08:30,Recommended match,127
p6650e8e3,2026-06-25 09:35,From chat share,124
p4c1d3b1a,2026-06-25 10:15,From Community,103
p87964a3c,2026-06-25 11:20,Visited profile,151
pdca75f9a,2026-06-25 11:35,From Community,105
pb469b835,2026-06-25 14:05,Visited profile,198
p70532f53,2026-06-25 15:00,Visited profile,121
p0345be28,2026-06-25 15:10,Recommended match,200
pab9b19cb,2026-06-25 15:15,From chat share,155
pa1d529a6,2026-06-25 15:15,Visited profile,91
pf354f918,2026-06-25 15:45,From Community,87
p3094bd32,2026-06-25 16:15,Recommended match,83
p3564a040,2026-06-25 16:20,From Community,26
p539aaf9a,2026-06-25 16:50,Recommended match,175
p5d4c96e4,2026-06-25 18:00,From Community,74
pdc05785f,2026-06-25 21:40,From Community,136
pbeaaadae,2026-06-26 08:10,Visited profile,206
pd233bf0b,2026-06-26 09:00,Visited profile,186
p8e0462cc,2026-06-26 10:10,Recommended match,238
p377a7308,2026-06-26 10:40,From Community,177
pe19a0eef,2026-06-26 11:15,From Community,173
p5c85e60d,2026-06-26 11:25,From Community,76
p1b526abd,2026-06-26 12:15,From chat share,40
pd8a9d0fd,2026-06-26 15:10,From Community,214
pbcd63df7,2026-06-26 15:55,Visited profile,171
pbf6b56e5,2026-06-26 16:05,Recommended match,119
p5689c260,2026-06-26 17:30,Visited profile,89
p14906e32,2026-06-26 17:50,From chat share,216
pacafef8e,2026-06-26 19:50,From chat share,223
p3fa1e778,2026-06-26 20:20,From chat share,169
p56fc3905,2026-06-26 20:30,Visited profile,68
pbfd58cf7,2026-06-26 21:50,Recommended match,120
pb653815a,2026-06-27 09:25,Recommended match,208
p743d4dda,2026-06-27 11:00,Recommended match,70
p792898b2,2026-06-27 11:15,Visited profile,223
pe5faf467,2026-06-27 12:05,Recommended match,145
p25b72e6d,2026-06-27 12:20,From Community,218
pc5e49f07,2026-06-27 13:45,From Community,90
pc782b788,2026-06-27 13:50,Visited profile,206
p0674066e,2026-06-27 15:35,From chat share,131
pb2d15a13,2026-06-27 17:50,Visited profile,130
p61f9b5ed,2026-06-27 19:55,From Community,88
p7d941751,2026-06-27 20:00,Recommended match,115
pb653815a,2026-06-27 20:50,Visited profile,200
pabf283c7,2026-06-27 21:30,Visited profile,29
pcec5d40f,2026-06-28 04:30,From chat share,148
p1feed169,2026-06-28 09:15,From Community,64
p7758d3fe,2026-06-28 10:00,From Community,20
pd50db202,2026-06-28 10:45,Visited profile,84
pb5fb6ede,2026-06-28 11:00,From chat share,87
p983d942a,2026-06-28 14:25,Recommended match,139
pecb9a9f0,2026-06-28 18:10,From Community,86
pdb10ec9d,2026-06-28 18:20,From chat share,63
p5e3bd96a,2026-06-28 19:20,Recommended match,70
p97d7dd2a,2026-06-28 20:25,From Community,180
p0b487b70,2026-06-28 20:25,Visited profile,163
p11035fc8,2026-06-29 11:15,From Community,183
pd6d2ecb3,2026-06-29 11:45,Recommended match,234
pbf6b56e5,2026-06-29 11:55,From Community,149
pa887b3c1,2026-06-29 12:20,Recommended match,20
pd9550c3e,2026-06-29 13:45,From Community,160
p3f7e6cb9,2026-06-29 14:35,From Community,159
p543dedc0,2026-06-29 15:20,Recommended match,119
p2c2176c3,2026-06-29 15:35,From chat share,237
p1feed169,2026-06-29 16:45,Recommended match,121
p337ca26f,2026-06-29 18:40,From Community,178
p8b1a36d5,2026-06-29 19:10,From Community,62
p2e0295e6,2026-06-29 19:40,Recommended match,115
p5376e664,2026-06-30 08:40,From chat share,55
pec3f6766,2026-06-30 09:20,Visited profile,144
p706bd48c,2026-06-30 10:20,Visited profile,139
p61cf133f,2026-06-30 11:00,Recommended match,228
pc0806cf1,2026-06-30 11:05,Recommended match,73
p373ddf2c,2026-06-30 11:30,Recommended match,47
pa86488f7,2026-06-30 12:45,Recommended match,60
p95cfb4d3,2026-06-30 13:45,From chat share,34
pc040d255,2026-06-30 13:45,From chat share,179
p67ede838,2026-06-30 14:30,Visited profile,136
pe9e21a24,2026-06-30 15:15,From chat share,188
p7b8641e5,2026-06-30 16:00,From chat share,175
pb4d8b8c1,2026-06-30 16:20,Recommended match,153
p3aa62b34,2026-06-30 16:25,Recommended match,167
peb642662,2026-06-30 17:05,Visited profile,170
p8e100e7b,2026-06-30 17:15,Recommended match,100
p070ce32f,2026-06-30 17:45,From chat share,184
p865b0a54,2026-06-30 18:15,Visited profile,92
p740a68e2,2026-06-30 19:20,Recommended match,158
p8e100e7b,2026-06-30 19:55,Visited profile,161
p3015e1bf,2026-06-30 20:10,From chat share,119
p99bc3448,2026-06-30 20:30,Recommended match,239
p8cb530a7,2026-06-30 21:05,Visited profile,135
pffc096fe,2026-06-30 21:20,Recommended match,143
p748b5bd8,2026-06-30 21:40,From chat share,38
p0a547157,2026-07-01 08:15,Visited profile,185
p1a9ed0df,2026-07-01 08:25,From chat share,185
p5e447b84,2026-07-01 09:35,From chat share,23
p5437f79d,2026-07-01 10:55,From chat share,103
pf2733aa2,2026-07-01 11:40,Recommended match,181
p0ea82a87,2026-07-01 11:45,Recommended match,144
p9a689e94,2026-07-01 12:40,From Community,215
peca30316,2026-07-01 14:10,From chat share,112
pff44bdcf,2026-07-01 14:30,Visited profile,108
pd78e3f34,2026-07-01 14:55,From Community,198
p83262bb5,2026-07-01 15:10,Recommended match,95
pad53d8a8,2026-07-01 16:10,Visited profile,88
p21fa8596,2026-07-01 16:10,From chat share,167
p7b5c4589,2026-07-01 17:30,Recommended match,134
p54d0225a,2026-07-01 17:30,Recommended match,160
paf81cef5,2026-07-01 18:45,From Community,182
p22df45ee,2026-07-01 19:15,Recommended match,99
pc17416f4,2026-07-01 19:30,From chat share,85
p7b6c4c76,2026-07-01 20:20,Visited profile,129
pdca75f9a,2026-07-01 20:40,From Community,53
pd2b6e201,2026-07-01 21:20,Visited profile,145
p535142be,2026-07-01 21:35,From chat share,94
pc5e6c81d,2026-07-02 08:35,Recommended match,75
pf0e7efdb,2026-07-02 09:05,Visited profile,145
p816c2b10,2026-07-02 09:40,From chat share,162
p64e12f1e,2026-07-02 12:00,From Community,117
p1cb88c82,2026-07-02 12:15,From Community,188
p70a653bf,2026-07-02 12:30,Visited profile,82
pc67883ac,2026-07-02 13:30,Visited profile,71
p7a53cd18,2026-07-02 13:55,From chat share,194
pdca75f9a,2026-07-02 15:35,Visited profile,42
pbaff50b3,2026-07-02 15:35,From chat share,168
aarav,2026-07-02 16:05,Recommended match,128
p8ed7ec61,2026-07-02 16:10,Visited profile,43
pe6398d1e,2026-07-02 16:30,Visited profile,92
p412d867d,2026-07-02 17:05,From chat share,204
pa4528bbe,2026-07-02 18:05,From chat share,146
p0b8cadea,2026-07-02 18:10,From chat share,185
p25059d9a,2026-07-02 21:10,From chat share,158
ananya,2026-07-02 21:15,Recommended match,193
p0e62af5e,2026-07-03 10:20,Recommended match,193
p9cc9c231,2026-07-03 12:10,Visited profile,70
peca30316,2026-07-03 12:25,From Community,93
p792898b2,2026-07-03 12:30,Visited profile,46
p3655522f,2026-07-03 12:45,From Community,129
pddbb5e65,2026-07-03 13:05,Visited profile,26
p44d8a495,2026-07-03 13:50,From Community,203
p8cb530a7,2026-07-03 14:05,From chat share,175
p08446ffc,2026-07-03 15:00,From chat share,55
p973b00fa,2026-07-03 15:50,Visited profile,112
p8081e26f,2026-07-03 16:00,Recommended match,203
pba7c5451,2026-07-03 19:15,Visited profile,71
p22df45ee,2026-07-03 21:00,Visited profile,146
pe9e21a24,2026-07-03 21:15,From chat share,53
pdde69eae,2026-07-03 21:35,Recommended match,200
p5b518bcc,2026-07-04 08:50,Visited profile,151
p6c7d0962,2026-07-04 10:00,Recommended match,24
p086ccd64,2026-07-04 10:15,From Community,146
p36052312,2026-07-04 12:35,From Community,193
p936c08bf,2026-07-04 14:05,Recommended match,64
p9ee19545,2026-07-04 14:15,Visited profile,131
p23b75efd,2026-07-04 14:15,Recommended match,155
pf354f918,2026-07-04 16:25,From Community,46
pc6b72191,2026-07-04 17:05,Recommended match,123
p99bc3448,2026-07-04 21:15,From Community,118
p40b37181,2026-07-05 10:15,From Community,181
pd57d2e87,2026-07-05 11:30,From Community,212
p544f37ef,2026-07-05 11:35,Visited profile,233
pb2d15a13,2026-07-05 12:30,Visited profile,108
p50ec6879,2026-07-05 13:25,From Community,52
p981deaab,2026-07-05 13:40,From chat share,46
p062ccd8c,2026-07-05 14:55,Visited profile,107
pe37491dd,2026-07-05 16:55,From Community,73
p360ebb41,2026-07-05 17:25,Recommended match,175
p61445ec6,2026-07-05 18:35,Recommended match,219
p14906e32,2026-07-05 19:15,From chat share,157
p811b14b4,2026-07-05 19:55,Visited profile,134
p757cd7d8,2026-07-06 08:10,From chat share,73
p239b72de,2026-07-06 11:20,From chat share,107
p8113578d,2026-07-06 11:35,Visited profile,82
pdd3481b8,2026-07-06 11:35,From Community,173
p92c5f632,2026-07-06 14:00,Recommended match,91
pd4b5483d,2026-07-06 15:50,From chat share,130
pfc1ccff2,2026-07-06 16:05,Recommended match,222
p64e12f1e,2026-07-06 16:20,Recommended match,53
p4c29ca29,2026-07-06 17:10,Visited profile,124
pd4499a44,2026-07-06 17:45,From chat share,41
p77e66ec0,2026-07-06 20:25,Recommended match,86
p36f4f81f,2026-07-07 09:15,Visited profile,225
p37958916,2026-07-07 10:55,From chat share,20
pdd299fdb,2026-07-07 10:55,Visited profile,240
p7dcb223c,2026-07-07 11:15,Visited profile,155
p5bb22cab,2026-07-07 12:00,From Community,114
pd36556c3,2026-07-07 12:35,Recommended match,205
p3e666b34,2026-07-07 12:35,Visited profile,187
paf652ccd,2026-07-07 12:45,From Community,199
p8e4c69c3,2026-07-07 14:05,Visited profile,45
p3015e1bf,2026-07-07 14:15,Recommended match,113
pb2d15a13,2026-07-07 14:50,From chat share,152
p0a79c124,2026-07-07 18:15,From Community,22
ananya,2026-07-07 18:40,From chat share,169
pd242cd05,2026-07-07 19:40,From Community,138
p586d08bf,2026-07-07 19:55,From Community,42
pb0206def,2026-07-07 20:30,Recommended match,35
p38337733,2026-07-07 20:35,Visited profile,46
pa9228d02,2026-07-07 21:30,Visited profile,53
p35f9b8c2,2026-07-07 21:40,Recommended match,136
p85f9dfc1,2026-07-07 21:45,Visited profile,31
pc0fd4fa1,2026-07-08 08:50,Recommended match,165
p77e86d60,2026-07-08 09:10,Recommended match,180
p7e84aca6,2026-07-08 10:15,From Community,110
pa8c5e407,2026-07-08 10:50,From Community,200
p210f86ca,2026-07-08 11:00,From Community,203
p1aa7f2e8,2026-07-08 11:20,From chat share,142
p1feed169,2026-07-08 11:35,Visited profile,99
p85f9dfc1,2026-07-08 14:25,Visited profile,27
p419f8f85,2026-07-08 16:20,From Community,127
p7013c59b,2026-07-08 17:50,From chat share,186
pc3f1e1ac,2026-07-08 18:35,From Community,100
pdca2ca07,2026-07-08 19:20,From Community,33
p83262bb5,2026-07-08 19:40,From chat share,127
p43ea7db0,2026-07-08 20:50,From Community,71
pa0c043f6,2026-07-08 21:00,From chat share,106
p2d1e31e5,2026-07-08 21:00,From Community,100
pefdf7a5e,2026-07-08 21:35,Recommended match,127
p918a81aa,2026-07-09 10:15,From Community,64
pb1bf49ac,2026-07-09 10:50,Visited profile,35
pbcc73235,2026-07-09 11:50,From chat share,114
p9cc9c231,2026-07-09 12:10,Visited profile,117
p3015e1bf,2026-07-09 13:15,Visited profile,71
p3baf4d5b,2026-07-09 13:25,Visited profile,133
p869d25b4,2026-07-09 15:05,From Community,166
p042b7f0f,2026-07-09 15:05,From chat share,218
p1ad9fd15,2026-07-09 15:40,Visited profile,113
p7145a2aa,2026-07-09 15:55,From Community,151
p15a4852d,2026-07-09 16:05,Recommended match,92
p9cc9c231,2026-07-09 16:40,Recommended match,16
pa492d5e2,2026-07-09 16:45,From Community,122
p7e84aca6,2026-07-09 17:45,From chat share,34
p361a6aff,2026-07-09 18:00,From Community,128
p9809226d,2026-07-09 19:25,Recommended match,34
p5d88a42c,2026-07-09 20:50,Recommended match,101
p3094bd32,2026-07-10 05:15,Visited profile,84
p8e4c69c3,2026-07-10 08:05,Visited profile,213
p922a9588,2026-07-10 08:35,Recommended match,18
pcc099df0,2026-07-10 10:30,Visited profile,165
p0309d51b,2026-07-10 11:20,Recommended match,110
p85ede5f6,2026-07-10 11:55,Visited profile,184
p2b8ca32f,2026-07-10 12:50,Visited profile,118
pda37d771,2026-07-10 13:40,Recommended match,222
pb1f62faf,2026-07-10 15:45,From Community,22
padb63d25,2026-07-10 15:45,Recommended match,80
p84f45327,2026-07-10 16:25,Visited profile,105
p2c8bf589,2026-07-10 16:30,Recommended match,131
p9d01e871,2026-07-10 18:15,From Community,100
p103b917e,2026-07-10 18:15,From Community,73
pfa911e46,2026-07-10 19:05,From chat share,50
pc4199743,2026-07-10 20:15,From chat share,192
p9de351d6,2026-07-10 21:05,Visited profile,119
p4cd89d90,2026-07-11 10:20,Recommended match,35
pbcc73235,2026-07-11 10:50,Visited profile,45
p889a237a,2026-07-11 13:25,From chat share,122
p706bd48c,2026-07-11 13:30,Recommended match,53
p922a9588,2026-07-11 13:35,Visited profile,49
pe35d54c2,2026-07-11 18:45,Recommended match,100
p0a79c124,2026-07-11 18:50,Visited profile,27
p15bcb671,2026-07-11 20:10,From chat share,99
p8081e26f,2026-07-11 21:30,Visited profile,72
pe37491dd,2026-07-12 07:25,Visited profile,162
p77e86d60,2026-07-12 08:10,Visited profile,40
p218763d8,2026-07-12 09:40,Recommended match,18
pa492d5e2,2026-07-12 11:30,Recommended match,109
p112ea395,2026-07-12 12:05,Visited profile,119
p32096f86,2026-07-12 12:25,From Community,107
p4c29ca29,2026-07-12 15:55,Visited profile,123
p0a79c124,2026-07-12 16:55,From chat share,137
pdd3481b8,2026-07-12 17:10,From Community,58
p56cffeaa,2026-07-12 17:40,Recommended match,228
p77e63c9d,2026-07-12 17:40,From chat share,176
pb1f62faf,2026-07-12 18:10,From chat share,157
p3370a192,2026-07-12 18:55,Recommended match,146
pcee3d31c,2026-07-12 19:20,Recommended match,186
p8e4c69c3,2026-07-12 20:05,From Community,196
p2a528afd,2026-07-13 08:15,From Community,176
p32096f86,2026-07-13 08:50,From Community,69
pcc4bac42,2026-07-13 09:00,From chat share,178
ananya,2026-07-13 09:55,Visited profile,77
pacafef8e,2026-07-13 10:00,Recommended match,43
pf5534f75,2026-07-13 12:10,From chat share,71
p1649b14c,2026-07-13 12:35,From Community,157
p56f3f7cf,2026-07-13 13:30,From chat share,231
p0da63afd,2026-07-13 13:30,From chat share,22
pc4199743,2026-07-13 16:35,Visited profile,114
pcc815c51,2026-07-13 17:20,Recommended match,231
p922a9588,2026-07-13 18:25,From Community,121
p1b526abd,2026-07-13 18:55,Visited profile,25
p15982c72,2026-07-13 19:35,From Community,39
p7940b5ca,2026-07-13 19:50,From chat share,115
p92e06c6e,2026-07-13 20:20,Recommended match,190
p6fcc8bcd,2026-07-14 08:15,Recommended match,208
p30674e75,2026-07-14 08:20,From chat share,115
p2f10f37e,2026-07-14 08:55,From Community,72
p0b03847a,2026-07-14 08:55,From chat share,51
pef8b9a35,2026-07-14 10:50,From chat share,47
p3370a192,2026-07-14 11:00,Visited profile,94
p4dadd7c1,2026-07-14 11:55,Visited profile,51
p2796b37d,2026-07-14 12:05,Recommended match,147
p9b0c63fd,2026-07-14 12:20,Visited profile,142
p554a661f,2026-07-14 13:00,Visited profile,141
p1c567f2d,2026-07-14 13:30,Visited profile,105
p2e0295e6,2026-07-14 13:40,Visited profile,80
pf21e17a1,2026-07-14 14:10,Recommended match,165
p731c5de0,2026-07-14 14:30,Recommended match,168
p15982c72,2026-07-14 14:40,From Community,33
p962d73ce,2026-07-14 15:45,From Community,116
p9edd5c02,2026-07-14 15:50,From chat share,176
p6cbf2566,2026-07-14 17:05,From Community,29
p50a83bdb,2026-07-14 17:30,Visited profile,166
pefdf7a5e,2026-07-14 17:55,From chat share,199
p373ddf2c,2026-07-14 17:55,Visited profile,83
p3623063c,2026-07-14 18:10,From Community,178
pc4039cf4,2026-07-14 18:35,From chat share,28
pb469b835,2026-07-14 20:50,Visited profile,109
p14089ba0,2026-07-15 08:45,Visited profile,70
pc49cef5f,2026-07-15 08:45,From chat share,54
pb78aa123,2026-07-15 09:10,Visited profile,153
pe24fd4d7,2026-07-15 09:25,Recommended match,106
p6579a45e,2026-07-15 10:00,From chat share,44
p70a653bf,2026-07-15 10:15,From Community,118
pb136cfe1,2026-07-15 10:20,Recommended match,163
pc6c26851,2026-07-15 10:25,From Community,199
p4d755649,2026-07-15 11:10,Visited profile,36
p24c26449,2026-07-15 11:10,Visited profile,59
pba7c5451,2026-07-15 11:35,Recommended match,38
p60e54b0d,2026-07-15 12:45,From chat share,155
pe54d7ffd,2026-07-15 13:40,Recommended match,195
pbfe0d418,2026-07-15 15:40,Visited profile,134
p82f46355,2026-07-15 16:20,From chat share,176
p766ea8da,2026-07-15 16:50,Visited profile,93
p88924ce2,2026-07-15 17:40,Recommended match,78
pc6d3e092,2026-07-15 18:45,Recommended match,173
p15bcb671,2026-07-15 19:10,From chat share,31
p3623063c,2026-07-15 20:35,Recommended match,44
pe370b4e2,2026-07-16 09:00,Recommended match,208
p8cb530a7,2026-07-16 09:10,From Community,82
peb642662,2026-07-16 09:45,Recommended match,111
p8e4c69c3,2026-07-16 10:15,Visited profile,83
p63862ed4,2026-07-16 10:15,Visited profile,188
p9d515f26,2026-07-16 10:45,From Community,169
pf1788bc2,2026-07-16 11:15,From chat share,35
p7a53cd18,2026-07-16 11:50,From chat share,54
pfc2487ae,2026-07-16 13:30,From chat share,96
pcb36c9b6,2026-07-16 14:15,From Community,38
p07e67453,2026-07-16 14:15,From Community,49
pa5105ce9,2026-07-16 15:40,From Community,112
p450350da,2026-07-16 16:30,From Community,31
p313f92dc,2026-07-16 17:45,Visited profile,228
pf8197a19,2026-07-16 18:40,From Community,94
p7afe83d5,2026-07-16 21:50,From chat share,28
p6d0727f4,2026-07-17 08:05,From chat share,198
pdd4c8b92,2026-07-17 09:15,From Community,147
p5848e8dc,2026-07-17 11:55,Visited profile,92
pfa9ae4c6,2026-07-17 11:55,From Community,26
p9a689e94,2026-07-17 12:10,Recommended match,85
pfb4b6df0,2026-07-17 12:10,Recommended match,197
p377a7308,2026-07-17 12:35,From Community,31
pbfd58cf7,2026-07-17 14:35,From chat share,123
p5028c862,2026-07-17 16:20,From chat share,93
p177d1da6,2026-07-17 16:50,Recommended match,177
pdea06b3a,2026-07-17 17:10,Visited profile,218
pc5344db5,2026-07-17 17:40,From chat share,127
meera,2026-07-17 17:55,Visited profile,158
p54d0225a,2026-07-17 18:45,From chat share,210
p0a5b07fe,2026-07-17 20:05,From Community,160
pe801e07c,2026-07-17 21:00,From Community,70
pa55c93b4,2026-07-17 21:15,Recommended match,109
p9ee19545,2026-07-18 08:05,Visited profile,161
paa555fb0,2026-07-18 08:30,From Community,142
p44a0c6fd,2026-07-18 08:35,From Community,121
pdde69eae,2026-07-18 09:10,Recommended match,48
p1feed169,2026-07-18 09:35,From chat share,142
p46592281,2026-07-18 09:40,Recommended match,200
p2853750c,2026-07-18 11:00,Visited profile,160
pe370b4e2,2026-07-18 13:25,Visited profile,92
p535142be,2026-07-18 13:45,Visited profile,196
p36052312,2026-07-18 14:35,Visited profile,45
pfed70045,2026-07-18 15:05,Recommended match,73
p0fee23e7,2026-07-18 15:55,From chat share,92
pda7d5db7,2026-07-18 16:10,Recommended match,75
p5d5a7aec,2026-07-18 16:35,From Community,28
pc9c08a3c,2026-07-18 17:25,From chat share,133
p8557bc4d,2026-07-18 17:30,Visited profile,77
pfc1ccff2,2026-07-18 17:35,Recommended match,207
p041854b2,2026-07-18 18:00,From chat share,150
p1cb88c82,2026-07-18 18:10,From chat share,38
p48973857,2026-07-18 18:40,Visited profile,138
p00d2ed57,2026-07-18 19:25,Recommended match,131
p5b518bcc,2026-07-18 20:50,From chat share,74
pcd5d0908,2026-07-18 21:15,Recommended match,23
p0ea82a87,2026-07-19 04:45,From chat share,60
pa815de50,2026-07-19 09:05,Visited profile,129
pe715294e,2026-07-19 09:35,Visited profile,72
p26b9bac8,2026-07-19 10:00,Visited profile,209
pab98605e,2026-07-19 10:55,Visited profile,102
p8b1a36d5,2026-07-19 11:10,From chat share,58
pd8c7dbba,2026-07-19 11:25,Recommended match,183
p8697b71d,2026-07-19 11:50,From Community,90
p9d515f26,2026-07-19 12:00,Visited profile,133
pcc4bac42,2026-07-19 13:25,Recommended match,17
pd78e3f34,2026-07-19 13:55,Recommended match,218
p247896a2,2026-07-19 14:35,Visited profile,117
p042b7f0f,2026-07-19 15:05,Visited profile,58
p4afa3d96,2026-07-19 15:10,Recommended match,34
p4e46f5b2,2026-07-19 16:15,From Community,112
p0450d965,2026-07-19 17:20,Recommended match,239
p1ad9fd15,2026-07-19 18:40,Visited profile,76
pd5495663,2026-07-19 19:05,Recommended match,116
pe3000692,2026-07-19 19:25,Recommended match,165
p1ed03102,2026-07-19 19:30,From Community,213
p0ace65cc,2026-07-19 19:45,From chat share,37
p3094bd32,2026-07-19 19:50,Recommended match,73
p9b0c63fd,2026-07-19 20:50,From chat share,159
p7dcb223c,2026-07-20 08:45,From chat share,167
pe35d54c2,2026-07-20 09:20,Recommended match,208
p2d20a353,2026-07-20 10:25,Recommended match,168
p4d5201fd,2026-07-20 10:30,From chat share,240
pd4d5ec7c,2026-07-20 11:40,Visited profile,92
pa36a3226,2026-07-20 11:50,Recommended match,26
pd474efed,2026-07-20 12:05,Recommended match,101
p9f8a5fe4,2026-07-20 13:00,Recommended match,41
p24ae4e27,2026-07-20 13:35,Recommended match,70
pdc369e2f,2026-07-20 13:50,Visited profile,135
p0fee23e7,2026-07-20 13:55,Visited profile,188
pb91c0ace,2026-07-20 14:15,Recommended match,101
pe1e847ef,2026-07-20 14:35,From chat share,172
p4b1a7453,2026-07-20 15:10,From chat share,113
p17366e1b,2026-07-20 15:40,From chat share,34
pa887b3c1,2026-07-20 15:55,From chat share,202
pbd453686,2026-07-20 16:00,Visited profile,198
pb1f62faf,2026-07-20 16:00,From chat share,187
pd2f1e39b,2026-07-20 18:15,Visited profile,105
pcb36c9b6,2026-07-20 19:15,From chat share,34
p56cffeaa,2026-07-20 19:15,From Community,78
pcc815c51,2026-07-20 20:50,Visited profile,129
p3015e1bf,2026-07-20 20:50,Recommended match,200
p05d104d0,2026-07-20 21:40,Visited profile,73
p5979d875,2026-07-21 08:30,From Community,175
pb5fb6ede,2026-07-21 09:10,Visited profile,85
p44c9f43b,2026-07-21 09:20,From chat share,125
p7a53cd18,2026-07-21 09:55,From Community,76
p37845966,2026-07-21 11:20,Visited profile,43
pc80876ee,2026-07-21 11:45,Recommended match,231
p363a77c9,2026-07-21 12:45,Recommended match,200
p01d8f119,2026-07-21 12:55,Visited profile,145
pd57d2e87,2026-07-21 14:05,From chat share,122
p18b0ba15,2026-07-21 16:10,Visited profile,130
p6ffc612e,2026-07-21 16:55,From chat share,207
p5d5a7aec,2026-07-21 18:25,Visited profile,168
p08bb3b9f,2026-07-21 18:30,Recommended match,73
pc5e6c81d,2026-07-21 20:20,From Community,139
pc53a1048,2026-07-21 20:20,From chat share,22
pbfd58cf7,2026-07-21 20:30,Visited profile,208
p9a689e94,2026-07-21 21:05,From chat share,86
pddbb5e65,2026-07-21 21:25,From chat share,183
pd29b92f1,2026-07-21 21:30,From Community,146
pcfada75e,2026-07-22 08:10,From Community,145
p34d7e74b,2026-07-22 08:10,Visited profile,151
p535142be,2026-07-22 08:40,From chat share,101
pf8de8f8a,2026-07-22 09:55,Visited profile,79
p83262bb5,2026-07-22 10:20,Visited profile,199
p9bddd1af,2026-07-22 10:40,Recommended match,222
p250449a8,2026-07-22 11:10,From chat share,212
p4dadd7c1,2026-07-22 11:15,Recommended match,164
pfb2469f4,2026-07-22 12:25,From chat share,123
p1514dd02,2026-07-22 12:30,Visited profile,145
p44d8a495,2026-07-22 13:55,From Community,119
pdfcb084b,2026-07-22 14:20,Recommended match,156
pb136cfe1,2026-07-22 14:20,Visited profile,38
p0345be28,2026-07-22 15:15,Visited profile,26
pcec5d40f,2026-07-22 15:55,Recommended match,51
p983d942a,2026-07-22 16:00,Visited profile,60
p15df440c,2026-07-22 16:55,Recommended match,29
p58ac47a7,2026-07-22 17:00,Recommended match,156
paa7adad7,2026-07-22 17:10,From chat share,23
p84f45327,2026-07-22 17:35,Visited profile,44
p1226f19b,2026-07-22 17:45,Visited profile,130
p7145a2aa,2026-07-22 18:00,Recommended match,24
pba7c5451,2026-07-22 18:15,From chat share,175
p6d0727f4,2026-07-22 19:05,Visited profile,78
p7b6c4c76,2026-07-22 19:55,Visited profile,213
p469ad4f9,2026-07-22 20:45,Recommended match,19
p2733553a,2026-07-22 21:15,From Community,80
pa9856d98,2026-07-22 21:35,From chat share,90
pc01a0c8d,2026-07-23 09:10,Visited profile,235
p44260e63,2026-07-23 10:00,Visited profile,172
p2e0a6d21,2026-07-23 13:20,From Community,123
pdacf81e8,2026-07-23 13:40,Visited profile,234
p36052312,2026-07-23 14:30,Visited profile,204
p337ca26f,2026-07-23 15:00,From Community,145
p3d05c26c,2026-07-23 17:55,Recommended match,138
p95a38479,2026-07-23 18:35,Recommended match,93
p659740cd,2026-07-23 19:30,From Community,240
p8d010c60,2026-07-23 19:50,From Community,125
pc61d93d7,2026-07-23 20:15,From Community,73
p67d9454c,2026-07-23 20:20,Recommended match,226
p3d0da10a,2026-07-23 20:50,From chat share,227
p3655522f,2026-07-23 23:45,Visited profile,87
p5d88a42c,2026-07-24 09:00,Recommended match,54
p8cb530a7,2026-07-24 09:05,From chat share,107
p70915418,2026-07-24 10:25,From Community,219
pe2245294,2026-07-24 10:55,Visited profile,65
pe6398d1e,2026-07-24 11:25,From chat share,137
pdfcb084b,2026-07-24 12:05,Recommended match,62
pa31700ca,2026-07-24 12:15,From chat share,82
p5b0e3d08,2026-07-24 12:40,From chat share,73
p54d0225a,2026-07-24 14:25,Recommended match,126
p4016031c,2026-07-24 14:45,Recommended match,87
p01d8f119,2026-07-24 17:00,Recommended match,54
p6cd4dcbb,2026-07-24 19:10,From Community,29
p4b2be8f5,2026-07-24 20:25,Visited profile,180
p042b7f0f,2026-07-24 20:40,From Community,207
p2b8ca32f,2026-07-24 21:25,Recommended match,22
p3e666b34,2026-07-25 08:05,Recommended match,108
p6fcc8bcd,2026-07-25 09:15,From chat share,99
pcf8fcbc5,2026-07-25 09:25,Recommended match,208
p1aed5c9c,2026-07-25 09:35,From chat share,111
p390d15ac,2026-07-25 09:55,From Community,236
p954095a0,2026-07-25 13:30,From Community,117
pdea06b3a,2026-07-25 13:35,Recommended match,31
p16070642,2026-07-25 14:40,From chat share,185
p4da68559,2026-07-25 14:45,Visited profile,151
p2d1e31e5,2026-07-25 15:05,Visited profile,50
p0b8b38cf,2026-07-25 15:30,Visited profile,105
ped29dab0,2026-07-25 16:40,Visited profile,195
p740a68e2,2026-07-25 16:50,Visited profile,117
p4e46f5b2,2026-07-25 16:55,Visited profile,175
p247c9f14,2026-07-25 17:35,Visited profile,37
pa55c9728,2026-07-25 17:50,From chat share,91
pcb36c9b6,2026-07-25 18:50,Visited profile,22
pdc369e2f,2026-07-25 20:10,Recommended match,148
p1514dd02,2026-07-25 20:15,Visited profile,128
p4016031c,2026-07-25 21:00,From Community,38
p5d897d25,2026-07-25 21:50,Visited profile,27
pc5344db5,2026-07-26 02:40,Visited profile,113
pa887b3c1,2026-07-26 04:55,Visited profile,98
p8156ced0,2026-07-26 08:15,Visited profile,71
p6e435801,2026-07-26 08:55,Visited profile,194
p112ea395,2026-07-26 09:15,Visited profile,114
p36052312,2026-07-26 09:25,Recommended match,101
pc61d93d7,2026-07-26 09:40,Recommended match,136
pbbdc9758,2026-07-26 11:10,From Community,96
p502c0062,2026-07-26 11:10,From chat share,66
p376c2158,2026-07-26 11:25,From chat share,163
pa8c5e407,2026-07-26 13:50,From chat share,139
pfc2487ae,2026-07-26 14:00,Visited profile,113
pec24f8b0,2026-07-26 15:10,From Community,200
pc6c26851,2026-07-26 15:15,From chat share,161
pb46384ab,2026-07-26 15:20,Visited profile,156
pc5f11f34,2026-07-26 15:25,From chat share,51
pa5cad9ad,2026-07-26 16:20,Visited profile,24
p44d8a495,2026-07-26 17:30,From Community,134
p54d0225a,2026-07-26 17:50,From chat share,28
pf5cf3583,2026-07-26 17:55,Visited profile,134
p535142be,2026-07-26 19:40,From chat share,39
pd29b92f1,2026-07-27 08:05,From Community,188
pb1bf49ac,2026-07-27 08:20,From chat share,150
peb642662,2026-07-27 09:45,Visited profile,113
pdd4c8b92,2026-07-27 11:05,Visited profile,197
p67eae886,2026-07-27 11:10,Visited profile,41
pc5e49f07,2026-07-27 11:45,From Community,156
p58ac47a7,2026-07-27 13:25,Recommended match,183
p8cb530a7,2026-07-27 14:05,From chat share,218
p25b72e6d,2026-07-27 16:45,From chat share,199
pfd3a201c,2026-07-27 17:45,Visited profile,110
pfc1ccff2,2026-07-27 18:05,Visited profile,48
p35f9b8c2,2026-07-27 18:35,From chat share,60
p3b74854c,2026-07-27 18:50,Visited profile,92
p7a53cd18,2026-07-27 19:00,Visited profile,141
p8113578d,2026-07-27 19:55,Visited profile,38
p25b72e6d,2026-07-27 19:55,Recommended match,136
p2dbd5d66,2026-07-27 20:50,Recommended match,46
p3c162395,2026-07-27 21:40,From chat share,18
p186fe821,2026-07-28 09:45,From chat share,117
p4fe8b42e,2026-07-28 10:20,Visited profile,105
p247c9f14,2026-07-28 10:45,Visited profile,112
pb35470c5,2026-07-28 11:10,From Community,24
p09ebde1a,2026-07-28 13:05,Visited profile,147
paa7adad7,2026-07-28 13:05,Recommended match,49
p889a237a,2026-07-28 13:55,From Community,156
meera,2026-07-28 14:40,From chat share,213
pcfeb65b5,2026-07-28 15:40,Visited profile,52
p4c7d4007,2026-07-28 15:55,From chat share,134
pb3caed82,2026-07-28 16:35,From chat share,195
pbf5891e6,2026-07-28 17:40,Visited profile,169
peb642662,2026-07-28 17:50,Visited profile,196
p35f9b8c2,2026-07-28 18:00,Visited profile,180
pb1f62faf,2026-07-28 18:00,From chat share,16
pe3000692,2026-07-28 18:25,From chat share,198
p70532f53,2026-07-28 19:10,Recommended match,179
p3564a040,2026-07-28 20:40,From chat share,205
p6cd4dcbb,2026-07-28 20:55,Recommended match,204
p865b0a54,2026-07-28 21:30,Visited profile,158
p25059d9a,2026-07-29 08:05,Recommended match,24
p3015e1bf,2026-07-29 08:30,Visited profile,98
pfd90d55e,2026-07-29 10:25,Visited profile,213
p7d97f8f5,2026-07-29 11:20,Recommended match,74
p707a552a,2026-07-29 12:05,From Community,185
p1aa7f2e8,2026-07-29 12:10,Visited profile,81
p4fe60778,2026-07-29 12:50,From chat share,106
p042b7f0f,2026-07-29 13:25,From chat share,187
pb46384ab,2026-07-29 14:20,Visited profile,175
p1a154a3d,2026-07-29 15:15,Visited profile,52
pfae7b779,2026-07-29 15:20,Visited profile,37
p7013c59b,2026-07-29 16:00,From chat share,82
p112ea395,2026-07-29 16:00,From chat share,137
p8a66d229,2026-07-29 16:40,Visited profile,65
p08bb3b9f,2026-07-29 17:00,Recommended match,198
p7afe83d5,2026-07-29 17:05,Visited profile,210
p360ebb41,2026-07-29 17:15,From Community,64
p5bb22cab,2026-07-29 17:45,From chat share,62
p79a18079,2026-07-29 18:05,Visited profile,75
p5ec9e8d6,2026-07-29 18:05,From Community,238
p8e4c69c3,2026-07-29 18:45,Visited profile,217
pbcd63df7,2026-07-29 21:25,From chat share,170
p376c2158,2026-07-30 08:55,From chat share,203
p88e4ecb0,2026-07-30 09:55,Recommended match,121
pf0b093e4,2026-07-30 10:05,From Community,61
pc4199743,2026-07-30 10:15,From chat share,157
pe85d5c4f,2026-07-30 10:30,Visited profile,154
p45a61985,2026-07-30 11:20,From chat share,59
p3ec13e94,2026-07-30 12:45,Visited profile,95
p83262bb5,2026-07-30 13:30,From Community,51
pfa7744f0,2026-07-30 15:00,Visited profile,104
p1cfe10d1,2026-07-30 15:15,From chat share,75
pc3740e99,2026-07-30 16:10,Recommended match,35
pb4d8b8c1,2026-07-30 16:20,From Community,185
pfa911e46,2026-07-30 16:25,From chat share,191
pc2e2191e,2026-07-30 17:30,From chat share,173
p086ccd64,2026-07-30 17:40,Visited profile,56
p56f3f7cf,2026-07-30 20:10,From chat share,209
paa7adad7,2026-07-30 20:50,Recommended match,177
p3454b490,2026-07-30 21:10,Visited profile,141
pee4d241f,2026-07-30 21:40,Recommended match,45
p0bdca02b,2026-07-30 21:45,From Community,102
p469ad4f9,2026-07-30 21:45,Recommended match,42
p5b0e3d08,2026-07-31 08:50,Recommended match,166
pb5fb6ede,2026-07-31 09:10,From chat share,164
p54d0225a,2026-07-31 09:55,Recommended match,144
pba1a46ca,2026-07-31 09:55,Visited profile,131
p5d4c96e4,2026-07-31 10:20,Visited profile,152
p75b531b8,2026-07-31 11:20,From chat share,121
p39d52f48,2026-07-31 12:15,Recommended match,56
p717901ee,2026-07-31 12:20,From Community,214
p80ea866a,2026-07-31 12:20,Recommended match,127
pd2fdcbac,2026-07-31 13:25,From chat share,56
p0fee23e7,2026-07-31 13:35,Recommended match,28
pb469b835,2026-07-31 14:20,From chat share,181
p556c718d,2026-07-31 14:25,Recommended match,159
p9f8a5fe4,2026-07-31 16:20,From chat share,53
p12714410,2026-07-31 16:45,Visited profile,79
pfa911e46,2026-07-31 16:55,Visited profile,57
pbfe0d418,2026-07-31 17:00,From chat share,136
pe4c82d62,2026-07-31 17:20,Recommended match,166
pd401accb,2026-07-31 17:30,From Community,214
p3623063c,2026-07-31 17:35,From chat share,61
pd2fbbfdb,2026-07-31 17:55,From Community,225
peb836eb1,2026-07-31 18:25,Recommended match,117
p4c7d4007,2026-07-31 18:45,From chat share,98
pa5105ce9,2026-07-31 19:05,Recommended match,114
pda7d5db7,2026-07-31 19:30,From Community,172
p4016031c,2026-07-31 20:05,Visited profile,20
p1649b14c,2026-07-31 20:25,From chat share,176
p3b82884d,2026-07-31 20:25,From Community,235
p38337733,2026-07-31 20:30,From Community,96
p7d97f8f5,2026-07-31 21:50,Recommended match,112
p3d05c26c,2026-08-01 06:55,From chat share,30
p1aaac365,2026-08-01 08:10,Recommended match,53
pda7d5db7,2026-08-01 11:15,From Community,62
pf2733aa2,2026-08-01 12:05,Visited profile,159
p6b81cd09,2026-08-01 13:20,Visited profile,172
pc49cef5f,2026-08-01 13:45,From chat share,80
p2ed9869b,2026-08-01 14:05,Visited profile,131
pcfada75e,2026-08-01 14:15,Visited profile,75
pa410cf7c,2026-08-01 14:20,Visited profile,222
pb1d568fc,2026-08-01 14:35,From chat share,100
p88e4ecb0,2026-08-01 14:40,From chat share,31
p070c18bc,2026-08-01 14:40,Recommended match,165
p9492adf4,2026-08-01 14:55,Visited profile,156
p01161007,2026-08-01 15:20,Visited profile,128
pe927881b,2026-08-01 15:25,Recommended match,215
pf7a5f45e,2026-08-01 15:55,Recommended match,104
p0dc66820,2026-08-01 16:05,Visited profile,106
pb7d83896,2026-08-01 16:15,Visited profile,95
pc724f5ce,2026-08-01 16:40,From Community,183
pce48af42,2026-08-01 17:25,Visited profile,27
p5b9bd833,2026-08-01 17:35,From chat share,43
pb136cfe1,2026-08-01 18:25,Visited profile,38
p1649b14c,2026-08-01 19:30,From chat share,21
p91cc57ef,2026-08-01 20:10,From Community,99
pd28f8c6d,2026-08-01 20:20,From chat share,57
p95182b61,2026-08-01 21:40,From chat share,120
pd8c7dbba,2026-08-01 21:45,From chat share,28
p05656c1e,2026-08-02 08:10,From chat share,77
p8081e26f,2026-08-02 08:30,Visited profile,159
p3015e1bf,2026-08-02 09:00,From chat share,22
p2c4ddc07,2026-08-02 10:10,Visited profile,179
pd0e0d17c,2026-08-02 11:20,Recommended match,121
p544f37ef,2026-08-02 12:20,Visited profile,91
p469ad4f9,2026-08-02 12:30,Visited profile,139
pa0c7c99d,2026-08-02 12:35,From chat share,77
p2733553a,2026-08-02 13:10,From Community,166
pda5023b5,2026-08-02 13:25,Recommended match,110
pe85d5c4f,2026-08-02 13:50,Visited profile,32
p1649b14c,2026-08-02 14:25,Visited profile,126
p1ed03102,2026-08-02 15:15,Visited profile,116
p64e12f1e,2026-08-02 17:10,From chat share,94
p63b55549,2026-08-02 20:30,From Community,43
p3b74854c,2026-08-02 20:35,From Community,53
pef8b9a35,2026-08-03 07:50,From chat share,111
p377a7308,2026-08-03 08:35,Visited profile,70
p3610b7b2,2026-08-03 08:40,Visited profile,150
p0bdca02b,2026-08-03 09:30,Recommended match,56
pb36aaff6,2026-08-03 09:45,From chat share,85
p78194bca,2026-08-03 10:05,From Community,174
p7145a2aa,2026-08-03 10:20,Recommended match,49
pdd094e28,2026-08-03 11:20,Recommended match,126
p35f9b8c2,2026-08-03 12:00,Recommended match,43
p403d46a9,2026-08-03 15:45,From Community,113
p324a0b7d,2026-08-03 16:50,From Community,169
p086ccd64,2026-08-03 17:40,From chat share,88
p2c4ddc07,2026-08-03 18:40,From Community,162
p371a588f,2026-08-03 19:20,From chat share,42
p1bdade64,2026-08-03 19:25,From chat share,180
pfd90d55e,2026-08-03 20:20,Recommended match,44
p0509f389,2026-08-03 20:35,From Community,139
p29d75690,2026-08-03 20:55,Visited profile,56
pbeaaadae,2026-08-04 08:30,Recommended match,37
pdd094e28,2026-08-04 09:35,From chat share,195
p4397041d,2026-08-04 10:30,From Community,240
p740a68e2,2026-08-04 11:10,Visited profile,51
pf7a5f45e,2026-08-04 12:35,From chat share,71
p6cbf2566,2026-08-04 13:25,Recommended match,38
p5d529f71,2026-08-04 13:40,From chat share,42
pbeaaadae,2026-08-04 14:15,From chat share,112
pce48af42,2026-08-04 14:35,Recommended match,119
paf81cef5,2026-08-04 15:15,From chat share,110
pd4d5ec7c,2026-08-04 15:40,From chat share,65
pe54d7ffd,2026-08-04 16:45,From chat share,66
p3570779c,2026-08-04 17:35,Visited profile,142
p92c5f632,2026-08-04 17:50,From Community,169
pc01a0c8d,2026-08-04 17:55,Recommended match,183
p0453a5a4,2026-08-04 18:00,From chat share,166
pd4499a44,2026-08-04 18:50,Recommended match,141
p5b335b45,2026-08-04 18:50,From Community,19
p5870d5dd,2026-08-04 19:40,From chat share,72
pc5e6c81d,2026-08-04 19:45,From chat share,119
p983d942a,2026-08-04 19:50,Visited profile,128
p6f3dd9d6,2026-08-04 20:10,Visited profile,109
pbcd63df7,2026-08-04 20:30,Recommended match,173
p4afa3d96,2026-08-04 21:10,Recommended match,73
p5d529f71,2026-08-04 21:50,Recommended match,56
p6cd4dcbb,2026-08-05 08:10,Recommended match,166
p8f5d0a91,2026-08-05 09:35,Recommended match,105
p314c80d6,2026-08-05 09:45,Recommended match,164
p32b662ca,2026-08-05 10:45,Visited profile,54
p7b6c4c76,2026-08-05 10:55,Recommended match,202
p2e53b339,2026-08-05 11:55,From chat share,112
p4fe8b42e,2026-08-05 12:35,From chat share,20
p2ed9869b,2026-08-05 13:05,From Community,64
pbd4e327a,2026-08-05 13:05,From Community,163
p962d73ce,2026-08-05 13:15,Visited profile,73
p936c08bf,2026-08-05 14:00,Visited profile,145
pddbb5e65,2026-08-05 14:10,From chat share,133
pbfe0d418,2026-08-05 14:55,From Community,150
pfa911e46,2026-08-05 15:05,Visited profile,123
p07e67453,2026-08-05 15:10,From chat share,155
p889a237a,2026-08-05 15:20,From Community,36
p03a448da,2026-08-05 19:00,From Community,183
pcaf179af,2026-08-05 19:25,Visited profile,125
p25059d9a,2026-08-05 19:35,Visited profile,71
pfe2cb5a3,2026-08-05 19:50,Visited profile,92
pf4f8ad1e,2026-08-05 20:05,From Community,216
p3564a040,2026-08-05 21:15,From chat share,121
pa36a3226,2026-08-05 21:30,From chat share,48
p5ec9e8d6,2026-08-06 08:10,Visited profile,77
pb7d83896,2026-08-06 10:15,From chat share,53
p086ccd64,2026-08-06 11:20,From chat share,102
pfc2487ae,2026-08-06 11:30,From Community,212
p34a0a509,2026-08-06 12:30,From Community,196
pb36aaff6,2026-08-06 13:30,From Community,66
p12714410,2026-08-06 13:40,Visited profile,81
p41f5241c,2026-08-06 14:00,Recommended match,103
pf30c22a3,2026-08-06 14:05,From Community,116
p748b5bd8,2026-08-06 14:30,Visited profile,77
p0fee23e7,2026-08-06 14:30,Recommended match,29
p75b531b8,2026-08-06 15:00,From chat share,41
p649c5e36,2026-08-06 15:05,From Community,174
p4618fe59,2026-08-06 17:30,Recommended match,96
p56cffeaa,2026-08-06 17:45,Visited profile,90
pf4cc2371,2026-08-06 17:50,From Community,232
p4c29ca29,2026-08-06 18:05,Visited profile,137
pe54d7ffd,2026-08-06 18:50,Recommended match,207
pd9550c3e,2026-08-06 19:00,Recommended match,212
p1821db5d,2026-08-06 19:10,From chat share,27
pba1a46ca,2026-08-06 19:15,Visited profile,98
p12f8ab41,2026-08-06 19:30,From chat share,115
p0b03847a,2026-08-06 20:20,Recommended match,182
p9b36535b,2026-08-06 20:20,Recommended match,68
p9ee19545,2026-08-06 20:35,Visited profile,142
p1741650f,2026-08-06 20:50,Recommended match,199
pf0b093e4,2026-08-07 08:55,From chat share,212
p64ead05b,2026-08-07 08:55,Recommended match,161
p78194bca,2026-08-07 09:30,From chat share,60
p112ea395,2026-08-07 09:40,From chat share,66
sohan,2026-08-07 10:10,From chat share,161
pce48af42,2026-08-07 10:55,From Community,134
pd2fbbfdb,2026-08-07 11:30,Recommended match,76
p1649b14c,2026-08-07 11:45,Recommended match,25
pe54d7ffd,2026-08-07 12:45,Visited profile,36
p419f8f85,2026-08-07 12:50,Visited profile,93
p05656c1e,2026-08-07 13:05,From Community,143
pee15cbfa,2026-08-07 13:35,Recommended match,21
p9101a277,2026-08-07 13:45,From chat share,106
p4618fe59,2026-08-07 13:55,Recommended match,117
p24ae4e27,2026-08-07 14:10,Recommended match,96
p43a30c16,2026-08-07 15:30,Recommended match,142
pdd094e28,2026-08-07 15:35,From chat share,65
p469ad4f9,2026-08-07 16:45,From chat share,86
p8a826c6c,2026-08-07 16:50,Recommended match,37
p9b493e15,2026-08-07 18:20,Recommended match,151
p3564a040,2026-08-07 18:25,From Community,50
p0952019a,2026-08-07 19:40,Recommended match,81
pcec5d40f,2026-08-07 20:40,From Community,101
p957306f4,2026-08-07 21:15,Recommended match,138
p2546c78e,2026-08-07 21:55,Visited profile,123
p4da68559,2026-08-07 22:45,Visited profile,93
pd29b92f1,2026-08-08 03:05,From chat share,111
pb20b9dd0,2026-08-08 08:30,Recommended match,79
pdea06b3a,2026-08-08 08:40,From chat share,158
p25816d13,2026-08-08 09:45,Recommended match,77
p47626015,2026-08-08 11:15,Visited profile,124
p1fc09195,2026-08-08 11:50,From Community,87
peae90fb0,2026-08-08 12:20,From Community,170
pb469b835,2026-08-08 12:40,From Community,93
p3ec13e94,2026-08-08 13:15,From chat share,220
p9169ca7f,2026-08-08 14:10,From Community,235
p6daa09a1,2026-08-08 14:20,From Community,151
p0b487b70,2026-08-08 15:25,From chat share,109
pdd3481b8,2026-08-08 16:45,From chat share,92
pc3f4bacb,2026-08-08 17:30,Visited profile,71
pfa28a0ec,2026-08-08 18:05,Visited profile,82
p8a66d229,2026-08-08 19:00,From Community,120
pcc4bac42,2026-08-08 19:20,From Community,217
p4b24617e,2026-08-08 19:35,Visited profile,53
pe35d54c2,2026-08-08 20:00,Recommended match,100
p21fa8596,2026-08-08 20:30,Visited profile,92
pcfeb65b5,2026-08-08 20:55,Recommended match,197
pfd90d55e,2026-08-08 21:05,Visited profile,76
p4dadd7c1,2026-08-08 21:15,Visited profile,52
p2a528afd,2026-08-09 08:10,Recommended match,29
p709f17ec,2026-08-09 08:15,From Community,162
p4d5201fd,2026-08-09 08:25,From Community,65
p2853750c,2026-08-09 08:30,From chat share,168
p070ce32f,2026-08-09 10:25,Visited profile,57
pc01a0c8d,2026-08-09 10:45,From Community,85
p4397041d,2026-08-09 11:05,Visited profile,161
p957306f4,2026-08-09 11:45,From chat share,132
pe24fd4d7,2026-08-09 12:20,From chat share,164
p1544cb5a,2026-08-09 12:25,Recommended match,72
pba82f920,2026-08-09 13:10,From Community,218
p34a0a509,2026-08-09 13:25,Recommended match,180
pd81c702a,2026-08-09 13:50,From chat share,133
pff245626,2026-08-09 14:25,Recommended match,54
p7fdfc08c,2026-08-09 14:45,Recommended match,199
p6748ac36,2026-08-09 15:25,Visited profile,62
p6e8c6b49,2026-08-09 15:30,Recommended match,95
p535142be,2026-08-09 15:50,Recommended match,162
p15df440c,2026-08-09 16:10,Visited profile,140
pe4c82d62,2026-08-09 17:40,From Community,28
p958037ff,2026-08-09 17:50,Visited profile,81
pb77b2d97,2026-08-09 17:55,Visited profile,50
pcec5d40f,2026-08-09 18:20,Visited profile,46
p0509f389,2026-08-09 18:30,From chat share,82
pc3f1e1ac,2026-08-09 18:50,Recommended match,192
p162733fa,2026-08-09 19:05,From chat share,51
pffc096fe,2026-08-09 19:30,From chat share,210
p5feb8988,2026-08-09 20:25,From Community,49
p25e78a0f,2026-08-09 20:30,From chat share,168
p83262bb5,2026-08-09 20:35,Recommended match,82
pcc4bac42,2026-08-09 20:45,From chat share,120
pcec5d40f,2026-08-09 20:50,From Community,36
p8b1a36d5,2026-08-09 21:50,From chat share,32
pbbdc9758,2026-08-10 00:10,From chat share,114
p25b72e6d,2026-08-10 02:45,Visited profile,35
p0345be28,2026-08-10 04:15,Visited profile,60
pf2733aa2,2026-08-10 08:25,From Community,116
p8697b71d,2026-08-10 08:25,From chat share,217
pbd568281,2026-08-10 09:20,From chat share,195
p9cac64c9,2026-08-10 09:35,Visited profile,231
p9f8a5fe4,2026-08-10 09:45,Visited profile,79
pe874e219,2026-08-10 11:15,From chat share,63
p80a00775,2026-08-10 11:35,From Community,140
pcf97a71b,2026-08-10 12:05,From chat share,50
pf66a277f,2026-08-10 13:25,Visited profile,229
pe0f3b04c,2026-08-10 13:25,Recommended match,105
p96bf5461,2026-08-10 15:20,Visited profile,58
p9e3e33c1,2026-08-10 16:35,From chat share,96
peb836eb1,2026-08-10 17:15,From Community,123
p07508dc2,2026-08-10 17:30,Visited profile,103
pd04cd55e,2026-08-10 17:50,From chat share,115
p403d46a9,2026-08-10 18:25,Visited profile,55
pa05d7266,2026-08-10 18:40,From chat share,99
pf525db6b,2026-08-10 18:45,From Community,134
p202e8d62,2026-08-10 19:05,From chat share,61
p3b0141d4,2026-08-10 19:15,From chat share,195
p070ce32f,2026-08-10 19:25,Visited profile,54
pcc099df0,2026-08-10 19:40,From Community,120
p7430ef89,2026-08-10 19:55,From chat share,171
p8e5aa9bd,2026-08-10 20:05,Recommended match,168
p5028c862,2026-08-10 20:25,From chat share,217
p05d104d0,2026-08-10 20:55,From chat share,201
pff44bdcf,2026-08-10 21:05,From chat share,181
pfa172345,2026-08-10 21:10,Recommended match,232
p09ebde1a,2026-08-10 22:05,Visited profile,145
p502c0062,2026-08-11 02:10,Visited profile,94
p337ca26f,2026-08-11 03:00,Visited profile,124
pfa28a0ec,2026-08-11 07:05,Visited profile,180
pa0c7c99d,2026-08-11 08:05,Visited profile,32
p7d97f8f5,2026-08-11 08:10,From Community,40
pc0f50e0b,2026-08-11 08:40,From Community,76
p8b1a36d5,2026-08-11 08:45,From chat share,112
p1514dd02,2026-08-11 10:05,From Community,215
p5ad0aba9,2026-08-11 10:15,From chat share,64
p25816d13,2026-08-11 11:35,From chat share,151
pcafa803e,2026-08-11 13:10,Visited profile,155
pd724f7e7,2026-08-11 13:10,Recommended match,39
p08682fac,2026-08-11 13:55,From chat share,110
pb7d83896,2026-08-11 15:30,Visited profile,44
pc5d570f4,2026-08-11 15:40,From chat share,202
pba1a46ca,2026-08-11 16:25,From Community,131
pb1bf49ac,2026-08-11 16:30,Recommended match,143
p2f3e85c3,2026-08-11 17:20,Recommended match,37
p363a77c9,2026-08-11 17:30,From chat share,168
p0d0f7031,2026-08-11 17:45,From Community,155
p369edfd6,2026-08-11 19:05,From Community,181
p0813ed73,2026-08-11 19:50,From chat share,66
pf5cf3583,2026-08-11 20:55,Recommended match,104
p2d20a353,2026-08-11 21:40,From chat share,59
p041854b2,2026-08-12 09:05,Visited profile,167
p3ff4014a,2026-08-12 09:15,Recommended match,235
p38337733,2026-08-12 10:05,From Community,47
p24c26449,2026-08-12 10:25,Visited profile,101
pee15cbfa,2026-08-12 10:50,Visited profile,167
pb7d83896,2026-08-12 10:55,From chat share,139
p4afa3d96,2026-08-12 11:05,Recommended match,69
p25e78a0f,2026-08-12 12:10,Recommended match,189
pfc4142d3,2026-08-12 12:50,Recommended match,200
pa5105ce9,2026-08-12 12:50,From Community,99
paa7adad7,2026-08-12 12:55,Visited profile,105
p78b00ffd,2026-08-12 13:15,Recommended match,72
p6b3c4106,2026-08-12 14:20,From chat share,144
p11035fc8,2026-08-12 15:05,From Community,20
pd28f8c6d,2026-08-12 15:30,Visited profile,58
p6cbdc9b0,2026-08-12 18:05,From Community,199
p5dbede93,2026-08-12 18:20,From Community,199
pa0179620,2026-08-12 18:30,From Community,55
p3370a192,2026-08-12 19:30,Recommended match,173
p94b63c5f,2026-08-12 19:35,From chat share,29
p2f3e85c3,2026-08-12 21:00,Visited profile,17
pff15bd47,2026-08-13 08:10,From Community,210
p47626015,2026-08-13 09:10,Visited profile,137
p569c6def,2026-08-13 09:35,Visited profile,139
paa69d6ae,2026-08-13 10:35,From Community,196
p5dbede93,2026-08-13 10:50,Visited profile,218
p3610b7b2,2026-08-13 11:25,Visited profile,70
p3ec13e94,2026-08-13 11:50,From chat share,137
p659740cd,2026-08-13 12:15,From chat share,54
p2dbd5d66,2026-08-13 12:35,Visited profile,178
p32096f86,2026-08-13 13:00,Recommended match,25
p03e8b9fa,2026-08-13 13:15,From chat share,126
p77e86d60,2026-08-13 13:35,Recommended match,202
pc5e6c81d,2026-08-13 13:45,From chat share,158
p452fc3a5,2026-08-13 15:55,From Community,216
p4283c2be,2026-08-13 16:20,From chat share,177
p8e0462cc,2026-08-13 17:20,From chat share,77
p56e10daf,2026-08-13 18:55,Visited profile,196
p324a0b7d,2026-08-13 18:55,From chat share,77
p80ea866a,2026-08-13 19:20,From chat share,114
pe105b7ef,2026-08-13 21:00,Recommended match,150
p9b0c63fd,2026-08-13 21:10,From chat share,109
p1cfe10d1,2026-08-13 21:15,From chat share,41
p9a46aa11,2026-08-14 08:05,From Community,199
p247896a2,2026-08-14 08:10,From chat share,31
pb3b5afa5,2026-08-14 09:05,Recommended match,72
p5d94c9ca,2026-08-14 09:30,From Community,213
pd4ec667f,2026-08-14 09:50,From Community,147
pe0f3b04c,2026-08-14 11:15,Visited profile,165
p0fee23e7,2026-08-14 11:55,Recommended match,203
pbc8e1183,2026-08-14 13:25,From Community,38
pc5d570f4,2026-08-14 14:00,Visited profile,36
pcee3d31c,2026-08-14 14:10,From chat share,67
p6cf2bb91,2026-08-14 14:15,Recommended match,228
p34a0a509,2026-08-14 14:25,From chat share,173
p361a6aff,2026-08-14 14:40,From chat share,95
p4016031c,2026-08-14 15:15,Recommended match,210
pd233bf0b,2026-08-14 15:55,Visited profile,102
pcd5d0908,2026-08-14 16:45,Visited profile,56
p247896a2,2026-08-14 16:55,From chat share,85
p0d0f7031,2026-08-14 17:10,Visited profile,176
pf0b093e4,2026-08-14 19:15,Recommended match,215
p8a826c6c,2026-08-14 19:15,From Community,60
p0e62af5e,2026-08-14 20:20,Recommended match,36
pf5cf3583,2026-08-14 22:55,From chat share,133
pbeaaadae,2026-08-15 08:55,From Community,193
p06a3dd9e,2026-08-15 09:20,From Community,139
p328d9dba,2026-08-15 10:10,Recommended match,207
p247896a2,2026-08-15 10:15,From Community,125
p186ed56c,2026-08-15 10:20,Recommended match,92
p0dc66820,2026-08-15 10:40,Recommended match,93
pba82f920,2026-08-15 10:45,Recommended match,141
p0a79c124,2026-08-15 10:55,From Community,115
p4c29ca29,2026-08-15 10:55,From chat share,161
pa9ed3ddd,2026-08-15 11:05,Recommended match,165
peceb7727,2026-08-15 11:20,Recommended match,238
pb77b2d97,2026-08-15 12:50,From chat share,58
pa410cf7c,2026-08-15 13:05,Recommended match,168
p629a4c8b,2026-08-15 13:40,Visited profile,189
pe2cf1403,2026-08-15 14:00,From chat share,235
p64e12f1e,2026-08-15 14:50,Recommended match,37
p1514dd02,2026-08-15 15:20,Recommended match,149
pf8de8f8a,2026-08-15 15:55,Recommended match,128
p9ce1386a,2026-08-15 16:30,Recommended match,84
pdd094e28,2026-08-15 16:45,Visited profile,56
p64ead05b,2026-08-15 17:30,Visited profile,45
p4c7d4007,2026-08-15 17:50,Visited profile,99
pc3f1e1ac,2026-08-15 19:05,From Community,157
p4263128b,2026-08-15 19:10,Visited profile,172
pd3b262ae,2026-08-15 20:00,Recommended match,214
pcf8fcbc5,2026-08-15 20:25,Recommended match,148
pdca2ca07,2026-08-15 20:55,Visited profile,88
pf0e7efdb,2026-08-15 20:55,From chat share,98
p24ae4e27,2026-08-15 21:10,From Community,191
p87964a3c,2026-08-15 21:15,From Community,123
p0952019a,2026-08-15 21:20,Recommended match,185
pb7d17f76,2026-08-16 08:40,Recommended match,58
p233ef1c2,2026-08-16 08:55,Visited profile,89
p80a00775,2026-08-16 09:40,Recommended match,68
p7fdfc08c,2026-08-16 09:55,From Community,76
peb241422,2026-08-16 10:40,Recommended match,238
p5d529f71,2026-08-16 11:05,Visited profile,115
p91cc57ef,2026-08-16 11:40,Recommended match,18
p4b24617e,2026-08-16 12:00,From chat share,173
p042b7f0f,2026-08-16 12:10,Visited profile,154
p7afe83d5,2026-08-16 13:45,From chat share,115
p23056710,2026-08-16 14:10,Visited profile,48
pfa28a0ec,2026-08-16 14:25,From chat share,17
pb4113ce7,2026-08-16 15:15,From Community,225
pa9856d98,2026-08-16 15:55,Recommended match,189
pe105b7ef,2026-08-16 16:30,Visited profile,63
p28ac38d1,2026-08-16 17:55,From chat share,135
pcc815c51,2026-08-16 18:40,From Community,46
p60d78c05,2026-08-16 19:00,From chat share,48
p21fa8596,2026-08-16 19:20,From Community,149
pdea06b3a,2026-08-16 19:25,Recommended match,134
p1520c727,2026-08-16 19:30,From chat share,108
p2733553a,2026-08-16 21:05,Visited profile,36
p55c6b0f7,2026-08-16 21:40,From chat share,148
p5d5a7aec,2026-08-17 08:55,From Community,80
p2853750c,2026-08-17 09:35,Recommended match,82
p3655522f,2026-08-17 09:45,Visited profile,171
pd9723eb6,2026-08-17 10:50,Recommended match,108
pcb36c9b6,2026-08-17 11:10,From Community,94
pd78e3f34,2026-08-17 11:25,From Community,34
pe3000692,2026-08-17 12:05,From Community,37
p7b8641e5,2026-08-17 12:05,Visited profile,36
pf0b093e4,2026-08-17 12:55,From chat share,112
p78b00ffd,2026-08-17 13:45,From Community,164
pd724f7e7,2026-08-17 13:55,From Community,134
p95a38479,2026-08-17 14:50,From Community,218
p2085991b,2026-08-17 16:15,From chat share,113
pd733d637,2026-08-17 16:45,From chat share,150
pa9228d02,2026-08-17 16:50,From Community,134
p60e54b0d,2026-08-17 17:05,From Community,46
p87bd2314,2026-08-17 17:35,Visited profile,221
p3b82884d,2026-08-17 17:40,From Community,176
p629a4c8b,2026-08-17 17:50,From Community,158
pdc05785f,2026-08-17 19:00,From Community,159
p54323b84,2026-08-17 19:40,From Community,95
p6f1970e5,2026-08-17 20:15,Visited profile,35
pd78e3f34,2026-08-17 20:20,From chat share,109
pdd094e28,2026-08-17 20:30,Visited profile,38
p0b487b70,2026-08-17 21:25,From chat share,36
p710dde0a,2026-08-17 21:55,From Community,211
p306b7fe8,2026-08-18 08:05,From chat share,143
p9a9ef6b2,2026-08-18 08:25,Visited profile,166
peb24937c,2026-08-18 09:40,Visited profile,80
p657b4a31,2026-08-18 10:40,From Community,43
pdd094e28,2026-08-18 11:25,Visited profile,50
p752f535e,2026-08-18 11:30,Visited profile,223
p811b14b4,2026-08-18 11:45,From chat share,23
peceb7727,2026-08-18 12:05,From chat share,135
p45a61985,2026-08-18 12:30,Visited profile,187
p5b335b45,2026-08-18 12:50,Visited profile,23
p5870d5dd,2026-08-18 12:50,Recommended match,92
pa9856d98,2026-08-18 14:55,Visited profile,75
pf4cc2371,2026-08-18 15:35,Visited profile,127
pfd90d55e,2026-08-18 16:55,Visited profile,34
p1b7e08bb,2026-08-18 17:35,From Community,52
pa55c93b4,2026-08-18 17:55,From chat share,107
pa5105ce9,2026-08-18 18:50,From chat share,149
p5b56acdc,2026-08-18 19:35,Visited profile,163
pc49cef5f,2026-08-18 19:55,From Community,145
pce140c21,2026-08-18 20:45,Recommended match,50
p41f5241c,2026-08-18 20:55,Visited profile,122
p8697b71d,2026-08-18 21:40,From chat share,200
p25b72e6d,2026-08-18 21:45,Visited profile,135
p103b917e,2026-08-19 08:15,Recommended match,100
p94b63c5f,2026-08-19 08:50,From Community,85
p89201bd1,2026-08-19 09:15,From chat share,143
ped462f71,2026-08-19 10:25,Recommended match,31
pfb6c60e8,2026-08-19 10:35,Recommended match,130
paaeeab92,2026-08-19 11:25,From chat share,89
p4fe8b42e,2026-08-19 11:55,Recommended match,67
p7372a83a,2026-08-19 12:25,From chat share,141
pf4f1385e,2026-08-19 12:35,From chat share,158
p3564a040,2026-08-19 12:40,Recommended match,36
pc5f1f966,2026-08-19 12:55,From chat share,91
p359a13b2,2026-08-19 13:35,Visited profile,203
p958037ff,2026-08-19 13:40,Recommended match,215
p37845966,2026-08-19 14:05,Visited profile,59
pe1e847ef,2026-08-19 14:05,From chat share,149
p4397041d,2026-08-19 14:20,Recommended match,148
p686fcab0,2026-08-19 14:25,Visited profile,218
p9bb72e41,2026-08-19 15:00,From Community,140
pb05ac10e,2026-08-19 15:10,Visited profile,52
pbc8e1183,2026-08-19 15:30,Visited profile,149
p957306f4,2026-08-19 15:40,Visited profile,220
p629a4c8b,2026-08-19 15:40,From chat share,171
p5ad0aba9,2026-08-19 15:45,Recommended match,62
pc5d570f4,2026-08-19 16:00,Recommended match,76
p00d2ed57,2026-08-19 16:20,From Community,193
jia,2026-08-19 18:45,Recommended match,161
p58705e53,2026-08-19 21:05,Visited profile,224
pa0179620,2026-08-19 21:55,From Community,172
pbd568281,2026-08-20 04:20,Visited profile,80
p8081e26f,2026-08-20 08:10,Visited profile,190
pe54d7ffd,2026-08-20 08:30,From Community,114
p61cf133f,2026-08-20 08:30,Visited profile,34
pae60ecba,2026-08-20 08:55,Recommended match,225
p67d9454c,2026-08-20 09:45,From Community,50
pb3caed82,2026-08-20 10:00,From Community,134
p07e67453,2026-08-20 10:20,Recommended match,114
pb4d8b8c1,2026-08-20 11:15,From chat share,53
pd724f7e7,2026-08-20 12:20,From chat share,66
p03e8b9fa,2026-08-20 12:20,From Community,59
p3454b490,2026-08-20 12:35,From Community,56
p710dde0a,2026-08-20 13:05,From chat share,168
p917c23bd,2026-08-20 13:10,Visited profile,120
p957306f4,2026-08-20 13:10,From Community,31
p7b1c3a77,2026-08-20 13:40,Recommended match,188
pea2961dc,2026-08-20 13:50,From chat share,36
p0da63afd,2026-08-20 15:00,From chat share,155
p086ccd64,2026-08-20 15:10,From Community,212
p1fd014ec,2026-08-20 15:15,Visited profile,181
pd242cd05,2026-08-20 15:50,Visited profile,88
p6e8c6b49,2026-08-20 15:50,Visited profile,105
p682379a4,2026-08-20 16:40,From Community,48
p64e12f1e,2026-08-20 16:50,Recommended match,121
pd401accb,2026-08-20 17:05,Visited profile,93
pd0f1f2f5,2026-08-20 17:30,From chat share,163
p0d0f7031,2026-08-20 17:30,Visited profile,205
p720f3387,2026-08-20 17:30,From Community,97
peb054b19,2026-08-20 17:45,Recommended match,45
p12f8ab41,2026-08-20 18:10,From chat share,50
p54323b84,2026-08-20 18:10,From Community,49
p834c38e0,2026-08-20 18:25,From Community,126
pf1c75d48,2026-08-20 19:10,Visited profile,160
pe85d5c4f,2026-08-20 20:25,From chat share,35
p2ed51c57,2026-08-20 20:30,Visited profile,112
p250449a8,2026-08-20 21:10,From Community,99
p6b3c4106,2026-08-20 21:25,Visited profile,22
p452fc3a5,2026-08-20 21:40,Recommended match,67
p8e5aa9bd,2026-08-20 21:55,From Community,163
pcafa803e,2026-08-21 01:10,Visited profile,180
pd401accb,2026-08-21 08:00,Visited profile,47
p85ede5f6,2026-08-21 08:10,Recommended match,60
p78d6f3be,2026-08-21 08:15,Visited profile,110
p36052312,2026-08-21 10:00,From chat share,187
p1f5bf754,2026-08-21 10:00,Recommended match,197
p6ffc612e,2026-08-21 10:25,Visited profile,57
pe3cee1ba,2026-08-21 10:35,From Community,209
p3b0141d4,2026-08-21 10:35,From Community,219
p44a0c6fd,2026-08-21 10:45,Recommended match,35
pce140c21,2026-08-21 10:45,Visited profile,138
p710dde0a,2026-08-21 11:35,Visited profile,159
p0750e213,2026-08-21 11:55,Visited profile,57
p2607047f,2026-08-21 12:30,Recommended match,54
pfc37610b,2026-08-21 12:40,Visited profile,98
pc01a0c8d,2026-08-21 12:45,From chat share,96
p46a24fd0,2026-08-21 13:25,From Community,46
pc6d3e092,2026-08-21 13:25,Visited profile,35
p5dbede93,2026-08-21 13:30,From Community,184
pc0f50e0b,2026-08-21 13:40,Recommended match,229
p535142be,2026-08-21 14:05,From Community,87
p917c23bd,2026-08-21 14:15,From chat share,71
p2e0a6d21,2026-08-21 14:30,From Community,28
p2c9d145d,2026-08-21 15:45,Visited profile,233
p1447f2ee,2026-08-21 15:50,From chat share,47
p2b277799,2026-08-21 16:30,From Community,233
p0ffef513,2026-08-21 16:30,From chat share,28
p1b7e08bb,2026-08-21 16:30,From Community,207
pe017b20c,2026-08-21 16:50,Visited profile,219
pdea06b3a,2026-08-21 17:00,From chat share,173
p740a68e2,2026-08-21 17:50,From Community,200
pd733d637,2026-08-21 18:15,Visited profile,71
p5979d875,2026-08-21 18:25,From chat share,150
p3d0da10a,2026-08-21 19:10,From Community,33
pd474efed,2026-08-21 19:35,Recommended match,135
p46b78d33,2026-08-21 20:15,From Community,95
pfb6c60e8,2026-08-21 20:15,From chat share,113
p8697b71d,2026-08-21 20:20,Visited profile,195
p25b72e6d,2026-08-21 20:55,From chat share,68
pee15cbfa,2026-08-22 04:35,Visited profile,100
p7372a83a,2026-08-22 08:10,From Community,164
p8342adbf,2026-08-22 09:35,Recommended match,135
pc0806cf1,2026-08-22 10:00,Visited profile,33
aarav,2026-08-22 10:10,From Community,36
p16070642,2026-08-22 10:10,From Community,62
p250449a8,2026-08-22 10:15,Visited profile,154
p68544316,2026-08-22 10:25,Visited profile,190
p07e67453,2026-08-22 10:25,Visited profile,125
p9934dbca,2026-08-22 11:05,From Community,168
p7e9115b0,2026-08-22 12:05,From chat share,28
pe19a0eef,2026-08-22 12:25,Recommended match,200
p554a661f,2026-08-22 12:55,From Community,53
pbcc73235,2026-08-22 13:35,Visited profile,55
p3852dcf5,2026-08-22 13:50,From Community,153
pe859dda3,2026-08-22 14:10,From chat share,130
p7b1c3a77,2026-08-22 14:35,From Community,99
p0ace65cc,2026-08-22 14:50,Recommended match,117
p6b81cd09,2026-08-22 15:15,Visited profile,70
p05b7fb65,2026-08-22 16:20,Visited profile,236
p41dca28e,2026-08-22 17:15,Visited profile,54
p3e55bd24,2026-08-22 17:20,Visited profile,151
p5dbede93,2026-08-22 17:55,Visited profile,206
pb752c4a8,2026-08-22 18:15,From Community,67
p8e5aa9bd,2026-08-22 18:25,Visited profile,38
p6cd4dcbb,2026-08-22 20:40,From chat share,158
pad53d8a8,2026-08-22 20:55,Visited profile,49
p586d08bf,2026-08-22 21:10,Visited profile,50
pc773ae97,2026-08-22 21:10,Recommended match,46
p1741650f,2026-08-22 21:15,From chat share,159
pa111b0e8,2026-08-22 21:25,Recommended match,80
pcf97a71b,2026-08-22 21:55,Visited profile,192
p1b526abd,2026-08-23 09:05,From Community,92
p16192f7d,2026-08-23 09:50,From Community,180
p5689c260,2026-08-23 11:05,From Community,75
p56e10daf,2026-08-23 12:15,Recommended match,18
pe874e219,2026-08-23 12:35,Visited profile,107
p56e10daf,2026-08-23 12:45,From chat share,189
pd401accb,2026-08-23 13:30,From Community,29
padb63d25,2026-08-23 13:35,Recommended match,151
pcaf179af,2026-08-23 14:40,From chat share,32
p4b24617e,2026-08-23 15:25,Visited profile,98
p0d0f7031,2026-08-23 15:50,From Community,62
p5d88a42c,2026-08-23 16:00,Recommended match,28
p747b2ba9,2026-08-23 16:50,From Community,73
pd4499a44,2026-08-23 17:10,From chat share,176
pccea74a9,2026-08-23 17:10,Recommended match,74
pa9856d98,2026-08-23 17:20,From Community,177
p37b7ad75,2026-08-23 17:30,Recommended match,22
p629a4c8b,2026-08-23 18:40,Visited profile,64
p1cfe10d1,2026-08-23 18:40,From Community,16
p957306f4,2026-08-23 18:45,From chat share,76
peb24937c,2026-08-23 18:50,From Community,171
pa9149edf,2026-08-23 19:40,Visited profile,198
p4283c2be,2026-08-23 19:55,Visited profile,111
p95a38479,2026-08-23 20:10,Recommended match,87
pa16457ac,2026-08-23 20:10,From chat share,73
p682379a4,2026-08-23 20:50,From Community,77
pddbb5e65,2026-08-23 20:55,From Community,130
p219d1a14,2026-08-23 21:40,From Community,34
p9b493e15,2026-08-23 22:20,From chat share,103
p5979d875,2026-08-24 05:25,From chat share,165
p0de666ad,2026-08-24 08:20,Recommended match,220
p9934dbca,2026-08-24 08:20,From chat share,63
p1514dd02,2026-08-24 08:35,Recommended match,63
p69588106,2026-08-24 09:45,From Community,51
p44c9f43b,2026-08-24 10:00,Visited profile,124
p67ede838,2026-08-24 10:00,From Community,132
p6637cae2,2026-08-24 10:20,Visited profile,154
p8e0462cc,2026-08-24 10:55,Visited profile,197
p202e8d62,2026-08-24 11:25,From Community,118
p25e78a0f,2026-08-24 11:50,Recommended match,211
pccea74a9,2026-08-24 11:50,From Community,126
p1a46524b,2026-08-24 11:55,From Community,105
pe24fd4d7,2026-08-24 13:45,From chat share,80
p2d185963,2026-08-24 13:55,From chat share,228
p14906e32,2026-08-24 14:25,From Community,65
p2c9d145d,2026-08-24 14:50,Visited profile,99
pb48b418d,2026-08-24 15:15,From chat share,73
p8b3bfcbd,2026-08-24 15:25,From Community,183
pfc37610b,2026-08-24 16:30,From chat share,21
p8a826c6c,2026-08-24 17:05,Recommended match,219
pcec3cdfa,2026-08-24 17:20,From Community,117
p7145a2aa,2026-08-24 17:40,Recommended match,191
p99bc3448,2026-08-24 17:45,Visited profile,101
pf1788bc2,2026-08-24 17:50,Recommended match,167
pe1ec4e5b,2026-08-24 17:50,From chat share,102
p45a61985,2026-08-24 18:35,From Community,36
p0b908e11,2026-08-24 19:20,From chat share,194
pcec9b2ba,2026-08-24 19:45,Recommended match,72
pb136cfe1,2026-08-24 20:10,From Community,132
pdd4c8b92,2026-08-24 20:40,Recommended match,116
peb836eb1,2026-08-24 21:30,Visited profile,54
p7a18006d,2026-08-24 21:45,From Community,212
pd28f8c6d,2026-08-25 08:40,Recommended match,190
p527a5311,2026-08-25 09:20,From chat share,132
p73d0c63e,2026-08-25 09:35,Recommended match,80
p44260e63,2026-08-25 10:00,From chat share,123
p07e67453,2026-08-25 10:00,From chat share,120
pb46384ab,2026-08-25 10:05,From Community,84
pf9612f41,2026-08-25 10:10,From chat share,192
p540c5229,2026-08-25 10:25,Recommended match,67
pc5d570f4,2026-08-25 10:30,From Community,72
pe96f007d,2026-08-25 10:40,Recommended match,226
p2c2176c3,2026-08-25 10:45,Visited profile,94
p04db212b,2026-08-25 11:45,From Community,18
p14089ba0,2026-08-25 12:10,From Community,161
p97d7dd2a,2026-08-25 12:15,From Community,102
p44260e63,2026-08-25 12:55,Recommended match,123
p1bed3e02,2026-08-25 13:15,From chat share,125
pb4d8b8c1,2026-08-25 14:15,From Community,185
pe3d1c9a2,2026-08-25 15:30,From chat share,98
p361a6aff,2026-08-25 16:00,Recommended match,27
pe370b4e2,2026-08-25 16:05,From chat share,181
p5b335b45,2026-08-25 16:20,Visited profile,145
p0a5b07fe,2026-08-25 16:35,From chat share,166
pb469b835,2026-08-25 16:35,From chat share,208
p6650e8e3,2026-08-25 16:40,Visited profile,41
p769a769a,2026-08-25 17:05,Recommended match,30
pa410cf7c,2026-08-25 17:10,From chat share,195
p421add09,2026-08-25 17:20,Visited profile,129
p58705e53,2026-08-25 18:00,From chat share,41
p917c23bd,2026-08-25 18:20,From Community,26
p1ed58b32,2026-08-25 18:30,Recommended match,158
p535142be,2026-08-25 18:35,From Community,208
p69588106,2026-08-25 19:00,From chat share,38
pb36aaff6,2026-08-25 20:00,Recommended match,67
p070ce32f,2026-08-25 20:05,Visited profile,17
p37b7ad75,2026-08-26 08:00,Recommended match,37
p042b7f0f,2026-08-26 08:50,Visited profile,199
p08682fac,2026-08-26 10:30,From chat share,119
p26b9bac8,2026-08-26 11:30,Visited profile,88
p41f44a6e,2026-08-26 11:40,From chat share,196
pe2cf1403,2026-08-26 11:40,From Community,204
p2869822a,2026-08-26 11:50,From chat share,86
p2dbd5d66,2026-08-26 12:30,From Community,80
pfb6c60e8,2026-08-26 12:50,From Community,206
p7b6c4c76,2026-08-26 12:55,From chat share,30
pe7bd540d,2026-08-26 13:00,From Community,226
p9101a277,2026-08-26 13:00,Visited profile,127
p25b72e6d,2026-08-26 13:05,From Community,63
p0e62af5e,2026-08-26 13:10,From chat share,111
p46f27968,2026-08-26 13:25,From chat share,203
p421add09,2026-08-26 14:05,Visited profile,58
p6b81cd09,2026-08-26 14:20,From Community,21
p7cc8a16a,2026-08-26 15:10,Recommended match,203
pbcd63df7,2026-08-26 15:20,From Community,139
pe96f007d,2026-08-26 17:00,Visited profile,94
p894dd9e3,2026-08-26 17:00,Visited profile,187
pb23a2b16,2026-08-26 17:55,From Community,134
pdd3481b8,2026-08-26 18:25,Recommended match,158
p962d73ce,2026-08-26 19:00,From Community,69
pcec9b2ba,2026-08-26 19:05,From chat share,38
p42d4a5ad,2026-08-26 19:15,From chat share,158
peceb7727,2026-08-26 19:20,Visited profile,105
p77e66ec0,2026-08-26 19:20,Visited profile,58
pf5672f4d,2026-08-26 20:05,From chat share,119
p1b526abd,2026-08-26 20:15,Recommended match,26
p376c2158,2026-08-26 21:15,From chat share,133
p0ace65cc,2026-08-27 05:50,From chat share,36
p6b3c4106,2026-08-27 08:00,Recommended match,41
p2a528afd,2026-08-27 08:10,Visited profile,185
p2a8b7c0c,2026-08-27 08:10,Visited profile,182
pc47b37e5,2026-08-27 09:25,From chat share,173
p4afa3d96,2026-08-27 09:35,From Community,178
p3454b490,2026-08-27 10:10,Visited profile,210
pc5f1f966,2026-08-27 10:15,Visited profile,174
p3ff4014a,2026-08-27 10:30,From Community,168
p08682fac,2026-08-27 10:40,From chat share,216
pd1ea29c5,2026-08-27 10:55,Visited profile,119
pd4d5ec7c,2026-08-27 12:15,Visited profile,203
p9379c48f,2026-08-27 12:20,From chat share,94
p4cd89d90,2026-08-27 13:05,Visited profile,60
p328d9dba,2026-08-27 13:05,Recommended match,22
p706bd48c,2026-08-27 13:20,Visited profile,155
pb76de16e,2026-08-27 13:40,Visited profile,138
p6cf2bb91,2026-08-27 14:10,From chat share,217
pa684b853,2026-08-27 15:30,From Community,216
p2273a5ce,2026-08-27 15:35,From Community,66
pc10e9d75,2026-08-27 15:45,Visited profile,143
p8f5d0a91,2026-08-27 16:15,Visited profile,213
pb4113ce7,2026-08-27 16:45,From chat share,197
p0509f389,2026-08-27 16:45,From Community,110
pda5023b5,2026-08-27 17:00,From Community,99
p0b03847a,2026-08-27 17:20,Visited profile,119
p0dc819d5,2026-08-27 17:25,Recommended match,161
pc4039cf4,2026-08-27 17:55,From chat share,224
p5cd1e1ce,2026-08-27 18:25,Recommended match,95
p1ed58b32,2026-08-27 18:50,Visited profile,28
p7618ddf4,2026-08-27 19:35,Visited profile,99
pdc369e2f,2026-08-27 19:35,From Community,216
pcb69da28,2026-08-27 21:00,Recommended match,228
p46f27968,2026-08-27 21:10,Recommended match,99
p0309d51b,2026-08-27 21:20,Visited profile,180
p0fcca927,2026-08-27 21:25,Recommended match,168
p77f7cc8a,2026-08-27 21:30,Recommended match,121
pd0f1f2f5,2026-08-27 21:35,Recommended match,93
pae60ecba,2026-08-27 21:50,Recommended match,35
p202e8d62,2026-08-28 06:05,From chat share,115
p81d1a7d8,2026-08-28 08:45,Visited profile,57
pfc4142d3,2026-08-28 09:25,Recommended match,214
p9e2abbc8,2026-08-28 09:40,From chat share,66
p7d941751,2026-08-28 10:00,From Community,127
p7a18006d,2026-08-28 10:15,From Community,113
p5dbede93,2026-08-28 10:30,From Community,17
p33d7fd7d,2026-08-28 10:40,From Community,132
p36052312,2026-08-28 11:05,From chat share,188
p4c29ca29,2026-08-28 11:10,From Community,90
p91b2fe2b,2026-08-28 11:35,Visited profile,197
p202e8d62,2026-08-28 11:55,From Community,74
p359a13b2,2026-08-28 12:00,From chat share,195
p8e5aa9bd,2026-08-28 12:25,Visited profile,51
p709f17ec,2026-08-28 12:55,Recommended match,160
pcec5d40f,2026-08-28 14:00,From Community,107
p1649b14c,2026-08-28 14:35,From chat share,98
p9809226d,2026-08-28 15:40,Visited profile,102
p9a9ef6b2,2026-08-28 16:00,From Community,83
p4afa3d96,2026-08-28 16:20,From Community,211
p0952019a,2026-08-28 16:20,Visited profile,63
pd07ccbdf,2026-08-28 16:50,Recommended match,223
pb4113ce7,2026-08-28 17:15,Visited profile,111
p37b7ad75,2026-08-28 18:20,From chat share,120
p34a0a509,2026-08-28 19:00,From Community,28
pc4199743,2026-08-28 19:10,From chat share,194
p28ac38d1,2026-08-28 19:45,Visited profile,115
p369edfd6,2026-08-28 19:50,Visited profile,125
pcd5d0908,2026-08-28 20:15,Recommended match,113
p71a07a80,2026-08-28 20:30,Visited profile,67
pe19a0eef,2026-08-28 20:35,Recommended match,38
pe8572a80,2026-08-28 20:35,From Community,229
p707a552a,2026-08-28 20:50,Recommended match,202
p9379c48f,2026-08-28 21:30,From chat share,128
p2f3e85c3,2026-08-29 08:20,From chat share,112
p33f9d84f,2026-08-29 08:30,Visited profile,152
p543dedc0,2026-08-29 09:25,Recommended match,131
p586c40a5,2026-08-29 10:20,From Community,196
p962d73ce,2026-08-29 10:25,Visited profile,17
p64ead05b,2026-08-29 10:30,From chat share,64
p4312164f,2026-08-29 11:05,From chat share,207
p9379c48f,2026-08-29 11:15,From chat share,62
p08aaf7cc,2026-08-29 12:10,Visited profile,92
peae90fb0,2026-08-29 13:15,Recommended match,104
p0509f389,2026-08-29 14:45,Recommended match,127
p85ede5f6,2026-08-29 15:00,From Community,201
pf9612f41,2026-08-29 15:05,From Community,190
p2c2176c3,2026-08-29 15:20,Recommended match,97
p636647e0,2026-08-29 15:20,From chat share,120
p9051c19e,2026-08-29 15:55,From chat share,125
pba82f920,2026-08-29 16:10,Visited profile,58
pf5672f4d,2026-08-29 16:15,From chat share,57
pe8572a80,2026-08-29 16:25,From chat share,182
pd55a7d70,2026-08-29 16:50,Visited profile,149
p8739e27f,2026-08-29 17:35,From Community,45
pe158c3c6,2026-08-29 18:50,Visited profile,111
p1db414cf,2026-08-29 19:15,From Community,61
pa684b853,2026-08-29 19:40,Recommended match,133
pb7d17f76,2026-08-29 19:50,From Community,73
p9e3e33c1,2026-08-29 20:50,Visited profile,150
p6b81cd09,2026-08-29 20:50,Recommended match,130
p30674e75,2026-08-29 21:30,From Community,100
p219d1a14,2026-08-29 21:30,From Community,156
pf0b093e4,2026-08-29 21:50,From chat share,45
p752f535e,2026-08-29 23:30,From chat share,143
p91b2fe2b,2026-08-30 01:35,Visited profile,117
pdacf81e8,2026-08-30 08:10,From Community,133
p77f7cc8a,2026-08-30 08:20,Visited profile,100
p9379c48f,2026-08-30 08:20,From chat share,141
pd4499a44,2026-08-30 09:00,From Community,133
p78d6f3be,2026-08-30 09:00,From Community,107
p816c2b10,2026-08-30 09:10,Recommended match,221
p09ebde1a,2026-08-30 09:15,Recommended match,98
pe85d5c4f,2026-08-30 09:30,From Community,85
p17f7887b,2026-08-30 09:40,From chat share,123
p6637cae2,2026-08-30 09:50,Visited profile,188
pc0806cf1,2026-08-30 10:05,From chat share,47
pb3e1a384,2026-08-30 10:15,From chat share,38
pc040d255,2026-08-30 10:45,From Community,38
p3ec13e94,2026-08-30 11:05,Recommended match,114
p554a661f,2026-08-30 11:10,Recommended match,191
p36052312,2026-08-30 11:40,From chat share,89
p78d6f3be,2026-08-30 12:35,Recommended match,156
pe874e219,2026-08-30 12:45,From chat share,177
p8b3bfcbd,2026-08-30 13:20,Recommended match,134
p80ea866a,2026-08-30 13:20,Recommended match,130
p363a77c9,2026-08-30 13:30,From chat share,83
pe135b9df,2026-08-30 13:40,Visited profile,169
p56cffeaa,2026-08-30 14:55,Visited profile,91
p49710f9d,2026-08-30 15:05,Recommended match,200
p2ed51c57,2026-08-30 15:50,From chat share,157
p0e9d65a2,2026-08-30 16:15,Recommended match,174
pf65c190f,2026-08-30 16:15,From Community,68
p2d20a353,2026-08-30 16:25,From chat share,139
p5d88a42c,2026-08-30 16:55,From chat share,48
pee4d241f,2026-08-30 16:55,Visited profile,57
p94b63c5f,2026-08-30 17:45,From chat share,30
pfa9ae4c6,2026-08-30 18:10,From chat share,130
pb91c0ace,2026-08-30 18:35,From Community,157
p0b03847a,2026-08-30 18:50,Visited profile,116
p16192f7d,2026-08-30 19:25,Recommended match,122
pb752c4a8,2026-08-30 19:30,From Community,183
pbfe0d418,2026-08-30 19:50,Visited profile,175
p8b3bfcbd,2026-08-30 20:25,From chat share,179
paa7adad7,2026-08-30 20:35,Visited profile,174
p7cc8a16a,2026-08-30 21:25,From Community,120
pa625fe5c,2026-08-31 08:00,From Community,79
p8315dd0a,2026-08-31 08:20,From Community,78
p59a6ead7,2026-08-31 08:20,Recommended match,196
pf990a184,2026-08-31 09:15,From Community,226
p70915418,2026-08-31 09:20,Recommended match,23
p9edd5c02,2026-08-31 09:30,Recommended match,197
p06a3dd9e,2026-08-31 10:05,Visited profile,56
p655c4acd,2026-08-31 10:15,From Community,228
pbf6b56e5,2026-08-31 11:10,Recommended match,213
p361a6aff,2026-08-31 12:05,From chat share,141
pe2cf1403,2026-08-31 12:35,Visited profile,98
paa7adad7,2026-08-31 12:50,From chat share,53
pcf8fcbc5,2026-08-31 13:10,From Community,112
p5e3bd96a,2026-08-31 13:15,From chat share,138
p178a5bb5,2026-08-31 13:20,From chat share,48
pb2b0ac29,2026-08-31 14:30,Recommended match,187
pf0c10b19,2026-08-31 15:25,Recommended match,92
p659740cd,2026-08-31 16:15,From chat share,71
p6a7bcc2b,2026-08-31 16:40,From chat share,126
p5d0d2bdd,2026-08-31 17:10,Visited profile,31
pc49cef5f,2026-08-31 17:15,From chat share,103
p2d5fc75c,2026-08-31 17:15,From chat share,94
p199af3df,2026-08-31 17:20,Visited profile,109
paa555fb0,2026-08-31 17:30,From Community,109
pa16457ac,2026-08-31 17:40,From chat share,51
p62694e37,2026-08-31 17:40,From chat share,212
p983d942a,2026-08-31 17:55,Recommended match,135
p3451ca2e,2026-08-31 18:10,Visited profile,161
p29a7ba5e,2026-08-31 18:40,From chat share,191
pc67883ac,2026-08-31 18:40,Recommended match,102
p89201bd1,2026-08-31 18:55,From chat share,213
pcf8fcbc5,2026-08-31 19:00,From Community,30
p7e5ff590,2026-08-31 19:05,Recommended match,53
p5cd1e1ce,2026-08-31 20:05,From chat share,217
p80ea866a,2026-08-31 20:40,Visited profile,165
p9a9ef6b2,2026-08-31 20:45,From Community,100
p71ea99cd,2026-08-31 21:30,Recommended match,75
pa19cc5fa,2026-08-31 21:40,From Community,25
pf2733aa2,2026-09-01 08:00,From Community,38
p221f3037,2026-09-01 08:25,From Community,109
pb7d83896,2026-09-01 08:35,Recommended match,66
p54323b84,2026-09-01 08:40,Recommended match,89
pdd094e28,2026-09-01 09:30,Visited profile,128
p57dfae04,2026-09-01 09:45,Visited profile,193
p7430ef89,2026-09-01 10:05,From chat share,217
p91b2fe2b,2026-09-01 10:30,Visited profile,85
pe1e847ef,2026-09-01 10:50,Recommended match,113
p313f92dc,2026-09-01 10:55,From Community,196
pba1a46ca,2026-09-01 12:05,Recommended match,86
p2eed67e1,2026-09-01 12:35,From chat share,190
p400bcd0f,2026-09-01 12:40,From chat share,224
pc724f5ce,2026-09-01 12:45,Recommended match,219
p239b72de,2026-09-01 13:10,Recommended match,97
pee836b3a,2026-09-01 13:30,Visited profile,132
p67b05b30,2026-09-01 13:35,From Community,46
p97d38684,2026-09-01 14:50,From Community,223
p8315dd0a,2026-09-01 15:10,From Community,192
pb1814ad7,2026-09-01 15:25,From chat share,229
p586c40a5,2026-09-01 15:25,From Community,104
p29a7ba5e,2026-09-01 15:45,Visited profile,77
pcf8fcbc5,2026-09-01 16:15,From chat share,123
pe9e21a24,2026-09-01 16:45,From chat share,170
p8cab55a4,2026-09-01 17:00,Recommended match,112
p3f677114,2026-09-01 17:10,Recommended match,132
p6daa09a1,2026-09-01 17:50,Recommended match,51
pf990a184,2026-09-01 19:00,From Community,215
pc0806cf1,2026-09-01 19:05,From Community,212
p7d6ea63c,2026-09-01 19:15,From chat share,150
p1bed3e02,2026-09-01 19:15,Recommended match,201
pa4528bbe,2026-09-01 19:25,From Community,43
pe7c1c7b5,2026-09-01 19:35,Recommended match,146
p15982c72,2026-09-01 19:40,Recommended match,111
pa19cc5fa,2026-09-01 19:40,Visited profile,36
p45a61985,2026-09-01 19:40,From Community,92
p2c2176c3,2026-09-01 19:45,Recommended match,47
pc10e9d75,2026-09-01 20:05,Visited profile,92
p76291642,2026-09-01 20:25,Recommended match,134
p4312164f,2026-09-01 20:40,From Community,137
p8739e27f,2026-09-02 08:25,From chat share,109
p0de666ad,2026-09-02 08:35,Visited profile,32
pf990a184,2026-09-02 09:00,From Community,34
p450350da,2026-09-02 09:00,From chat share,202
p3451ca2e,2026-09-02 09:05,From Community,108
p1db414cf,2026-09-02 10:25,From chat share,123
p6637cae2,2026-09-02 10:35,From Community,60
peda519a0,2026-09-02 10:45,Visited profile,170
pd42a61be,2026-09-02 11:30,From Community,214
p740a68e2,2026-09-02 11:40,Recommended match,111
p2c4ddc07,2026-09-02 11:55,Recommended match,58
p8e5aa9bd,2026-09-02 13:10,Recommended match,144
p9bb72e41,2026-09-02 14:00,Visited profile,85
peb241422,2026-09-02 14:00,From chat share,25
p5b335b45,2026-09-02 14:30,Recommended match,105
p1aa7f2e8,2026-09-02 14:50,Visited profile,66
p9b36535b,2026-09-02 15:35,Recommended match,193
p71a07a80,2026-09-02 15:45,From chat share,180
p12039013,2026-09-02 16:00,Visited profile,186
p2c5c8a42,2026-09-02 16:25,Visited profile,162
pa16457ac,2026-09-02 16:55,From Community,99
p400bcd0f,2026-09-02 17:15,Visited profile,197
pb91c0ace,2026-09-02 17:25,Recommended match,47
p629a4c8b,2026-09-02 18:05,Recommended match,196
p29a7ba5e,2026-09-02 19:10,From chat share,182
pf8197a19,2026-09-02 19:25,Recommended match,201
pd50db202,2026-09-02 19:40,From chat share,137
pd2489bf9,2026-09-02 21:15,Recommended match,194
p1feed169,2026-09-02 21:20,Recommended match,164
p210f86ca,2026-09-02 21:30,Visited profile,42
p88e4ecb0,2026-09-02 21:45,Visited profile,207
p376208b2,2026-09-02 21:55,From chat share,124
p6b3c4106,2026-09-02 21:55,From chat share,72
pe2245294,2026-09-03 08:10,Visited profile,70
p4c1d3b1a,2026-09-03 09:25,Recommended match,43
pf30c22a3,2026-09-03 10:20,From Community,114
pe35d54c2,2026-09-03 10:55,From Community,156
pe370b4e2,2026-09-03 11:25,Recommended match,63
p401bb7cc,2026-09-03 11:45,From chat share,204
p1474ee29,2026-09-03 11:50,Visited profile,133
p9a46aa11,2026-09-03 11:55,Visited profile,30
p24c2a927,2026-09-03 12:15,From chat share,193
pdc369e2f,2026-09-03 12:35,From chat share,76
p70d0af6e,2026-09-03 12:55,Recommended match,112
p8739e27f,2026-09-03 13:55,From chat share,155
pd1ea29c5,2026-09-03 14:25,Visited profile,96
p894dd9e3,2026-09-03 14:25,From Community,37
pcec3cdfa,2026-09-03 14:45,From chat share,177
p1649b14c,2026-09-03 15:35,From chat share,54
p83ddf922,2026-09-03 16:15,Recommended match,82
pb3e1a384,2026-09-03 16:40,Visited profile,148
pfb6c60e8,2026-09-03 16:40,Recommended match,43
pd9aec628,2026-09-03 16:50,From Community,97
pb3e1a384,2026-09-03 17:00,From Community,155
p8f5d0a91,2026-09-03 17:05,Visited profile,30
pec3f6766,2026-09-03 17:30,Recommended match,230
p78194bca,2026-09-03 18:00,Visited profile,113
pa0c7c99d,2026-09-03 18:00,Recommended match,112
pd2489bf9,2026-09-03 18:00,From chat share,158
pe8572a80,2026-09-03 18:05,From chat share,163
p9934dbca,2026-09-03 18:25,Visited profile,151
pe6de1504,2026-09-03 18:35,Recommended match,171
pe67c90fd,2026-09-03 18:35,From Community,219
pb045aefb,2026-09-03 18:50,From Community,90
p5d897d25,2026-09-03 19:10,Recommended match,48
pb1814ad7,2026-09-03 20:25,From chat share,64
pd74fefb0,2026-09-03 20:25,Recommended match,234
p00d2ed57,2026-09-03 20:40,From Community,182
pe8572a80,2026-09-03 21:10,From chat share,88
p7940b5ca,2026-09-03 21:15,From chat share,24
p869d25b4,2026-09-03 21:20,From chat share,192
pffaf9395,2026-09-03 21:30,Visited profile,20
p22df45ee,2026-09-04 08:10,From Community,92
p143045f1,2026-09-04 08:15,Recommended match,41
p44d4a3aa,2026-09-04 09:05,From chat share,201
pbd453686,2026-09-04 09:20,Visited profile,75
pe96f007d,2026-09-04 09:25,Recommended match,166
p5c7331cc,2026-09-04 09:50,Visited profile,54
p29d75690,2026-09-04 09:55,Recommended match,28
pcbc39c3e,2026-09-04 10:15,From chat share,163
p5d529f71,2026-09-04 10:20,From Community,65
pb136cfe1,2026-09-04 10:35,Visited profile,183
pf2733aa2,2026-09-04 11:25,From chat share,200
p3454b490,2026-09-04 11:50,Visited profile,106
p4e46f5b2,2026-09-04 12:10,From chat share,201
pec3f6766,2026-09-04 12:20,From chat share,66
pc289dda1,2026-09-04 12:35,From chat share,31
p595c2d7c,2026-09-04 13:00,Recommended match,140
pee15cbfa,2026-09-04 13:00,Recommended match,82
p62694e37,2026-09-04 13:30,Visited profile,155
p71ea99cd,2026-09-04 13:35,From chat share,180
p67b05b30,2026-09-04 13:55,From chat share,53
p0ea82a87,2026-09-04 14:05,From Community,30
p936c08bf,2026-09-04 14:10,Visited profile,162
p556c718d,2026-09-04 14:30,From Community,183
p1474ee29,2026-09-04 14:45,From Community,107
pb77d11ba,2026-09-04 14:55,Visited profile,37
p3852dcf5,2026-09-04 14:55,Visited profile,131
p376208b2,2026-09-04 16:00,From chat share,162
p2c5c8a42,2026-09-04 16:25,From chat share,87
pc47b37e5,2026-09-04 16:35,Recommended match,121
p22629436,2026-09-04 16:55,From Community,63
p87964a3c,2026-09-04 17:10,From Community,58
p8739e27f,2026-09-04 17:10,From Community,19
p202e8d62,2026-09-04 17:35,Visited profile,190
p03a448da,2026-09-04 17:40,Visited profile,117
p33d7fd7d,2026-09-04 17:45,Visited profile,54
p7d94a0b8,2026-09-04 18:10,From Community,67
p01c6b10a,2026-09-04 18:30,Recommended match,138
p79a18079,2026-09-04 18:40,From chat share,152
p3ec13e94,2026-09-04 18:50,Visited profile,52
p062ccd8c,2026-09-04 18:55,Visited profile,202
pe85d5c4f,2026-09-04 20:25,From chat share,171
p3f677114,2026-09-04 20:50,Recommended match,164
p6f1970e5,2026-09-04 21:10,Visited profile,214
pb3e1a384,2026-09-05 04:15,Visited profile,138
p9cac64c9,2026-09-05 08:05,From Community,118
p6cbf2566,2026-09-05 08:10,Recommended match,177
p1a800bcb,2026-09-05 08:15,From chat share,110
pc5f1f966,2026-09-05 08:35,From chat share,142
p18070452,2026-09-05 08:35,From chat share,200
p396472bb,2026-09-05 09:00,Recommended match,59
pe017b20c,2026-09-05 09:05,Visited profile,107
pd0f1f2f5,2026-09-05 10:50,Visited profile,204
pe1b4052c,2026-09-05 12:05,Visited profile,155
pce22f0a4,2026-09-05 12:05,Recommended match,178
p52a5b278,2026-09-05 13:10,From Community,103
p01d8f119,2026-09-05 13:15,From chat share,123
p4618fe59,2026-09-05 13:20,From Community,42
p92c5f632,2026-09-05 13:35,Recommended match,144
p0750e213,2026-09-05 14:35,Visited profile,104
p958037ff,2026-09-05 15:05,Recommended match,215
p08aaf7cc,2026-09-05 15:35,Recommended match,16
p44260e63,2026-09-05 15:40,From Community,161
p87964a3c,2026-09-05 15:45,From chat share,132
pa5cad9ad,2026-09-05 16:25,Visited profile,129
pcf97a71b,2026-09-05 17:00,Recommended match,115
pe6de1504,2026-09-05 17:25,From Community,143
pb045aefb,2026-09-05 17:30,Visited profile,187
p655c4acd,2026-09-05 18:00,Recommended match,51
p7d94a0b8,2026-09-05 18:05,From chat share,111
p2733553a,2026-09-05 18:05,From chat share,46
p76291642,2026-09-05 19:15,From chat share,202
p2c9d145d,2026-09-05 19:15,From Community,185
p54323b84,2026-09-05 19:20,Visited profile,58
p6e435801,2026-09-05 19:25,Visited profile,151
p8d010c60,2026-09-05 19:40,From Community,199
pbcc73235,2026-09-05 20:10,Recommended match,91
pf198973b,2026-09-05 20:20,Visited profile,146
p70915418,2026-09-05 20:40,Recommended match,37
pff15bd47,2026-09-05 20:55,From chat share,137
p62694e37,2026-09-05 21:45,Visited profile,77
p23056710,2026-09-06 02:10,From chat share,47
p2ed51c57,2026-09-06 03:50,From chat share,32
pb045aefb,2026-09-06 08:05,From chat share,103
p1741650f,2026-09-06 08:25,Visited profile,113
pf4f1385e,2026-09-06 08:30,From chat share,167
pb65d3f71,2026-09-06 08:45,From Community,23
p178a5bb5,2026-09-06 09:00,From chat share,220
pee4d241f,2026-09-06 09:45,From chat share,85
pe67c90fd,2026-09-06 10:05,Visited profile,15
p6cf2bb91,2026-09-06 10:10,From chat share,180
p81d1a7d8,2026-09-06 10:25,From chat share,66
p199af3df,2026-09-06 10:25,Recommended match,148
p2eed67e1,2026-09-06 10:45,From Community,113
p62694e37,2026-09-06 11:00,Visited profile,165
p7a18006d,2026-09-06 11:05,From Community,123
p908dcb09,2026-09-06 11:45,From chat share,67
p554a661f,2026-09-06 12:10,Recommended match,48
pcec9b2ba,2026-09-06 12:10,Recommended match,212
p2aa020c2,2026-09-06 12:15,Visited profile,237
pd74fefb0,2026-09-06 13:25,Recommended match,96
p04db212b,2026-09-06 13:35,Recommended match,21
pd9723eb6,2026-09-06 14:05,From chat share,111
p2c3dbeb2,2026-09-06 14:20,Recommended match,227
p41f44a6e,2026-09-06 14:40,Visited profile,82
p210f86ca,2026-09-06 14:45,From Community,56
p8b3bfcbd,2026-09-06 15:15,From Community,200
p3d05c26c,2026-09-06 15:25,Visited profile,79
p543dedc0,2026-09-06 15:50,Recommended match,52
pcc815c51,2026-09-06 16:05,Visited profile,110
p543dedc0,2026-09-06 16:10,From Community,21
pf4f1385e,2026-09-06 16:45,From chat share,65
pdae50dd5,2026-09-06 17:05,From chat share,51
p4016031c,2026-09-06 17:10,From chat share,162
p4f4dac0b,2026-09-06 17:15,Visited profile,87
p1a800bcb,2026-09-06 17:20,From Community,39
pd42a61be,2026-09-06 17:25,From chat share,188
p086ccd64,2026-09-06 17:25,From chat share,112
p9809226d,2026-09-06 17:30,From Community,153
p5dbede93,2026-09-06 18:00,Recommended match,61
p57dfae04,2026-09-06 18:10,From chat share,151
p0de666ad,2026-09-06 18:20,From Community,42
p219d1a14,2026-09-06 18:20,From chat share,59
pe3000692,2026-09-06 18:50,From chat share,74
p7d94a0b8,2026-09-06 18:55,From Community,24
p46b78d33,2026-09-06 19:00,From Community,161
pfb6c60e8,2026-09-06 19:25,From Community,191
pd42a61be,2026-09-06 19:40,Recommended match,79
p94b63c5f,2026-09-06 19:55,From chat share,78
p45a61985,2026-09-06 20:25,From chat share,187
p1821db5d,2026-09-06 20:40,Recommended match,69
p9104566e,2026-09-06 21:20,From Community,82
pae60ecba,2026-09-06 21:30,From chat share,175
p9edd5c02,2026-09-06 21:45,Recommended match,129
p77e66ec0,2026-09-07 08:05,Visited profile,213
p2198461e,2026-09-07 08:05,Visited profile,79
p3737b5c8,2026-09-07 08:20,From Community,67
p4618fe59,2026-09-07 08:25,Visited profile,172
p913c2289,2026-09-07 08:25,Visited profile,138
pf525db6b,2026-09-07 08:30,From Community,16
p6cd4dcbb,2026-09-07 08:40,From chat share,143
pe67c90fd,2026-09-07 08:55,Recommended match,66
p8e7f7db6,2026-09-07 10:20,Visited profile,193
p359a13b2,2026-09-07 10:20,Recommended match,159
pf7a5f45e,2026-09-07 10:40,Recommended match,214
p1bed3e02,2026-09-07 10:55,Recommended match,77
pc289dda1,2026-09-07 11:10,From chat share,184
p6e435801,2026-09-07 11:20,From chat share,94
p78f0e862,2026-09-07 12:05,From chat share,174
p24c2a927,2026-09-07 12:25,Visited profile,172
pa410cf7c,2026-09-07 13:05,Recommended match,63
p3655522f,2026-09-07 14:10,From Community,30
pf198973b,2026-09-07 14:10,Recommended match,27
p78194bca,2026-09-07 15:00,Recommended match,22
p24c2a927,2026-09-07 15:10,Visited profile,72
p11435c17,2026-09-07 15:30,Recommended match,212
p59d02fad,2026-09-07 16:05,From chat share,22
p8dab0a00,2026-09-07 16:10,From chat share,49
p186ed56c,2026-09-07 16:35,From Community,39
pd1ea29c5,2026-09-07 17:35,Recommended match,194
p3454b490,2026-09-07 17:45,Recommended match,167
pdc05785f,2026-09-07 18:25,From Community,31
pb1bf49ac,2026-09-07 18:40,From Community,216
pd4b5483d,2026-09-07 19:30,Recommended match,51
pc724f5ce,2026-09-07 19:35,From Community,191
p9cc9c231,2026-09-07 20:10,Visited profile,168
pc289dda1,2026-09-07 20:25,Visited profile,126
p221f3037,2026-09-07 21:40,Visited profile,31
pe2cf1403,2026-09-07 21:50,From Community,105
p595c2d7c,2026-09-08 08:00,From Community,207
p12039013,2026-09-08 08:20,Recommended match,77
pdae50dd5,2026-09-08 09:00,From chat share,144
p4514850f,2026-09-08 09:20,Visited profile,222
pae60ecba,2026-09-08 09:30,Visited profile,85
pc773ae97,2026-09-08 09:40,From Community,142
p25e78a0f,2026-09-08 09:50,Visited profile,198
p70532f53,2026-09-08 09:50,Recommended match,48
pea2961dc,2026-09-08 10:00,From Community,170
pd8a9d0fd,2026-09-08 10:40,Visited profile,118
p5f630940,2026-09-08 10:45,From Community,134
p8dab0a00,2026-09-08 10:50,From Community,72
pe7c1c7b5,2026-09-08 11:00,From chat share,210
p4c29ca29,2026-09-08 11:05,Visited profile,192
pc3f1e1ac,2026-09-08 11:05,From Community,211
p5531361d,2026-09-08 11:15,Recommended match,32
p0a5b07fe,2026-09-08 11:45,Recommended match,155
p70915418,2026-09-08 12:10,Recommended match,125
p3570779c,2026-09-08 12:25,From Community,93
p33d7fd7d,2026-09-08 12:25,From chat share,25
p731c5de0,2026-09-08 12:25,Recommended match,199
p4d755649,2026-09-08 12:50,From chat share,77
pf65c190f,2026-09-08 12:55,From Community,63
p7d94a0b8,2026-09-08 13:15,Recommended match,85
p7e5ff590,2026-09-08 13:25,From Community,143
p18070452,2026-09-08 13:35,Visited profile,41
p8557bc4d,2026-09-08 13:35,From chat share,139
p8315dd0a,2026-09-08 13:45,From chat share,36
p369edfd6,2026-09-08 14:00,Recommended match,206
p9101a277,2026-09-08 14:40,Visited profile,185
p0fcca927,2026-09-08 16:00,From chat share,121
p7e5ff590,2026-09-08 16:05,From chat share,203
p75957ab7,2026-09-08 17:00,From chat share,26
p9e2abbc8,2026-09-08 17:35,From Community,38
p8b3bfcbd,2026-09-08 17:45,From chat share,202
p0813ed73,2026-09-08 18:30,Visited profile,160
p7cc8a16a,2026-09-08 18:40,From Community,128
p88924ce2,2026-09-08 19:35,From Community,57
pe370b4e2,2026-09-08 19:40,Recommended match,168
p834c38e0,2026-09-08 20:00,From Community,60
p43d4b531,2026-09-08 20:00,Visited profile,239
pbe28fb95,2026-09-08 20:15,From chat share,219
p103aa5cd,2026-09-08 20:35,From chat share,149
p6b81cd09,2026-09-08 20:55,Recommended match,181
p57dfae04,2026-09-08 21:10,Visited profile,208
p328d9dba,2026-09-08 21:20,From Community,22
p7a18006d,2026-09-08 21:45,Recommended match,214
p359a13b2,2026-09-08 21:50,Recommended match,206
p9104566e,2026-09-09 08:05,From chat share,77
p18070452,2026-09-09 08:20,Visited profile,190
p6fc9f3c5,2026-09-09 08:20,From Community,144
p50a83bdb,2026-09-09 08:25,Recommended match,134
p0b8cadea,2026-09-09 09:20,From Community,142
pe158c3c6,2026-09-09 09:35,From Community,180
p9bb72e41,2026-09-09 09:35,Recommended match,81
pc289dda1,2026-09-09 09:55,From Community,120
p143045f1,2026-09-09 10:10,From chat share,15
pd4b5483d,2026-09-09 10:35,From chat share,48
p01c6b10a,2026-09-09 13:10,From chat share,212
p95495ca2,2026-09-09 13:25,From chat share,224
p1bed3e02,2026-09-09 13:25,From Community,185
pc9c08a3c,2026-09-09 13:35,From Community,84
p7618ddf4,2026-09-09 13:45,Visited profile,140
pf990a184,2026-09-09 13:55,From chat share,84
p0750e213,2026-09-09 14:10,From chat share,33
p359a13b2,2026-09-09 14:15,Recommended match,84
tanvi,2026-09-09 14:30,From Community,107
p71a07a80,2026-09-09 14:35,Recommended match,206
p5e447b84,2026-09-09 14:40,From chat share,238
p0509f389,2026-09-09 15:00,From Community,88
pfdb9975d,2026-09-09 15:15,Recommended match,223
p4397041d,2026-09-09 15:30,Recommended match,75
pe8efb698,2026-09-09 15:45,Recommended match,79
pec24f8b0,2026-09-09 15:55,From chat share,136
pe370b4e2,2026-09-09 16:25,Visited profile,60
p682379a4,2026-09-09 16:30,From Community,24
p8eebd768,2026-09-09 16:55,From Community,231
pa887b3c1,2026-09-09 17:10,From chat share,137
p247896a2,2026-09-09 17:15,From Community,160
p6579a45e,2026-09-09 17:25,From chat share,191
p067566cc,2026-09-09 17:50,Recommended match,165
p1520c727,2026-09-09 18:05,From Community,143
pf21e17a1,2026-09-09 18:20,Visited profile,55
p5c7331cc,2026-09-09 18:30,From chat share,216
p56f3f7cf,2026-09-09 18:35,Recommended match,201
p199af3df,2026-09-09 19:00,Visited profile,31
p1bed3e02,2026-09-09 19:35,From chat share,114
p9edd5c02,2026-09-09 19:40,From Community,130
p6df7401e,2026-09-09 20:00,From chat share,78
p7d97f8f5,2026-09-09 20:05,From Community,68
p2a8b7c0c,2026-09-09 20:35,Visited profile,150
p61f9b5ed,2026-09-09 21:00,From chat share,170
p1ed58b32,2026-09-09 21:30,Visited profile,121
p2b277799,2026-09-09 21:50,Recommended match,49
pfe8e9f4b,2026-09-09 21:50,Visited profile,180
p11435c17,2026-09-10 06:30,From chat share,75
pc495bf1e,2026-09-10 08:50,From Community,179
pf1c75d48,2026-09-10 09:00,Recommended match,162
p2c3dbeb2,2026-09-10 09:10,From chat share,32
p38a3f49b,2026-09-10 09:20,From chat share,194
pe7bd540d,2026-09-10 09:35,Recommended match,171
pb3caed82,2026-09-10 09:40,From chat share,181
pba9e6586,2026-09-10 09:50,Recommended match,26
p9a46aa11,2026-09-10 10:10,From chat share,56
p2869822a,2026-09-10 10:15,Recommended match,206
pba82f920,2026-09-10 10:40,Visited profile,102
p6579a45e,2026-09-10 11:40,Visited profile,122
pe927881b,2026-09-10 12:05,Visited profile,206
p9169ca7f,2026-09-10 12:40,Visited profile,140
p93558f27,2026-09-10 12:45,From chat share,157
p89ab455b,2026-09-10 12:50,From chat share,114
pd401accb,2026-09-10 13:30,Visited profile,124
pa1d529a6,2026-09-10 13:35,From chat share,154
p103aa5cd,2026-09-10 13:35,From chat share,119
p5b56acdc,2026-09-10 13:50,From Community,117
pd4ec667f,2026-09-10 14:20,From chat share,186
p66df9d0d,2026-09-10 14:50,Visited profile,94
pc42b9e12,2026-09-10 15:35,From chat share,240
p219d1a14,2026-09-10 15:55,Recommended match,66
pe1b4052c,2026-09-10 16:40,From Community,69
pa64e228f,2026-09-10 16:50,From Community,238
p34a0a509,2026-09-10 17:15,Visited profile,173
p1b5bfbf9,2026-09-10 17:15,Recommended match,44
pe19a0eef,2026-09-10 17:35,Visited profile,177
p1b526abd,2026-09-10 18:15,Recommended match,195
pcafa803e,2026-09-10 18:30,From chat share,83
pb1bf49ac,2026-09-10 18:30,From chat share,149
p7e9115b0,2026-09-10 18:30,Recommended match,105
p908dcb09,2026-09-10 19:30,From Community,180
pe801e07c,2026-09-10 19:35,Recommended match,131
p360ebb41,2026-09-10 19:50,From chat share,141
p981deaab,2026-09-10 19:50,Visited profile,52
p5531361d,2026-09-10 19:55,Recommended match,111
p54123024,2026-09-10 20:10,From Community,66
p7fdfc08c,2026-09-10 20:20,Recommended match,148
pb23a2b16,2026-09-10 20:50,Recommended match,15
p71432053,2026-09-10 21:05,Recommended match,234
p7b5c4589,2026-09-10 21:35,From chat share,105
p0de666ad,2026-09-11 03:20,From chat share,125
pd702b381,2026-09-11 08:15,Recommended match,88
p8eebd768,2026-09-11 08:35,Recommended match,134
p22629436,2026-09-11 08:50,From chat share,35
p5d94c9ca,2026-09-11 08:55,Recommended match,33
p38a3f49b,2026-09-11 09:55,Visited profile,194
p8b3bfcbd,2026-09-11 10:00,From chat share,172
p03a448da,2026-09-11 10:00,From Community,40
pb1bf49ac,2026-09-11 10:00,Recommended match,33
pe96f007d,2026-09-11 10:05,From chat share,64
pa684b853,2026-09-11 10:30,From Community,171
p7f121bf4,2026-09-11 10:30,Visited profile,175
p5cd1e1ce,2026-09-11 11:20,From chat share,140
p3094bd32,2026-09-11 12:40,From Community,38
ped1ed9d0,2026-09-11 14:15,From Community,200
p540c5229,2026-09-11 15:50,From chat share,214
pd57d2e87,2026-09-11 16:00,Recommended match,168
pdb4a19c0,2026-09-11 16:05,Recommended match,210
pd9cd4f19,2026-09-11 16:35,Visited profile,149
p9b441f9a,2026-09-11 16:45,From chat share,58
p43ea7db0,2026-09-11 16:55,From Community,38
p707a552a,2026-09-11 17:15,From Community,188
p2273a5ce,2026-09-11 17:20,From chat share,45
pa410cf7c,2026-09-11 17:35,Recommended match,152
p17366e1b,2026-09-11 18:15,Visited profile,83
pd4ec667f,2026-09-11 18:40,From Community,66
pf21e17a1,2026-09-11 19:05,Recommended match,19
p1226f19b,2026-09-11 19:30,Visited profile,196
p37958916,2026-09-11 20:00,Visited profile,149
pbf6b56e5,2026-09-11 20:10,Visited profile,219
p219d1a14,2026-09-11 20:30,Visited profile,16
pb1f62faf,2026-09-11 20:30,Visited profile,216
p77f7cc8a,2026-09-11 20:40,From chat share,28
p45a021cf,2026-09-11 20:45,From Community,136
p01d8f119,2026-09-11 20:55,From Community,98
peceb7727,2026-09-11 21:25,From chat share,40
p1094f8aa,2026-09-11 21:45,From Community,185
p15cd4f6b,2026-09-11 21:45,From chat share,132
p1094f8aa,2026-09-12 08:35,From Community,168
pc10e9d75,2026-09-12 09:00,Visited profile,160
p6f2f7c97,2026-09-12 09:25,Visited profile,28
p08aaf7cc,2026-09-12 09:50,Recommended match,34
p199af3df,2026-09-12 10:30,Recommended match,154
p663ada87,2026-09-12 10:50,From chat share,45
pfa911e46,2026-09-12 10:50,From chat share,50
pee4d241f,2026-09-12 11:00,Visited profile,92
pd401accb,2026-09-12 11:15,Recommended match,180
p95495ca2,2026-09-12 11:20,From chat share,119
p6cbdc9b0,2026-09-12 11:20,Visited profile,186
p96bf5461,2026-09-12 11:25,From chat share,146
pd07ccbdf,2026-09-12 11:25,Recommended match,57
p89ab455b,2026-09-12 11:30,From Community,138
p881e2c13,2026-09-12 11:50,From Community,98
p103aa5cd,2026-09-12 12:10,Recommended match,190
p66df9d0d,2026-09-12 12:10,From Community,131
p0b8cadea,2026-09-12 12:20,Visited profile,74
pc04e6f13,2026-09-12 12:25,From chat share,64
pf6861319,2026-09-12 12:40,From Community,225
p0bdca02b,2026-09-12 12:45,Recommended match,131
p21a52fd5,2026-09-12 13:05,From Community,161
p7e5ff590,2026-09-12 13:35,From chat share,143
pee4d241f,2026-09-12 13:50,From chat share,202
p221f3037,2026-09-12 14:05,Recommended match,45
p6d1da681,2026-09-12 14:10,From Community,206
pba9e6586,2026-09-12 14:20,Recommended match,74
p6cd4dcbb,2026-09-12 14:30,From Community,67
p4c29ca29,2026-09-12 14:35,Visited profile,130
pdea06b3a,2026-09-12 15:45,From chat share,31
p3d8299d2,2026-09-12 16:05,Visited profile,150
pf7891625,2026-09-12 16:10,From chat share,55
p4d755649,2026-09-12 16:20,From Community,140
p4d755649,2026-09-12 16:35,Visited profile,25
pe1e847ef,2026-09-12 16:35,From chat share,151
p1520c727,2026-09-12 17:20,From Community,212
pc3740e99,2026-09-12 17:20,Recommended match,161
pb76de16e,2026-09-12 17:55,From Community,122
p2ed9869b,2026-09-12 17:55,Visited profile,100
p8e7f7db6,2026-09-12 18:10,Recommended match,111
p7a475f08,2026-09-12 18:15,Visited profile,235
p6c7d0962,2026-09-12 18:20,From chat share,151
p18f717a5,2026-09-12 18:35,Visited profile,224
pb05ac10e,2026-09-12 18:50,From Community,185
pd8984db0,2026-09-12 19:00,Recommended match,131
pc67883ac,2026-09-12 19:45,From Community,75
pf5534f75,2026-09-12 20:50,Visited profile,57
p2aa020c2,2026-09-12 21:40,From chat share,175
peb241422,2026-09-12 21:50,From Community,72
p7b8641e5,2026-09-13 08:00,Recommended match,39
p66df9d0d,2026-09-13 08:05,Visited profile,200
p71ea99cd,2026-09-13 08:25,Recommended match,144
p9b493e15,2026-09-13 08:40,Visited profile,26
p49710f9d,2026-09-13 09:05,Visited profile,123
p5689c260,2026-09-13 09:05,From Community,217
pc04e6f13,2026-09-13 09:35,Visited profile,104
p62694e37,2026-09-13 09:35,From chat share,214
pae8a099d,2026-09-13 09:50,Visited profile,188
p59a6ead7,2026-09-13 10:20,From Community,120
p1cfe10d1,2026-09-13 10:25,Visited profile,135
pfe8e9f4b,2026-09-13 10:45,From chat share,71
p554a661f,2026-09-13 10:55,From Community,22
p83ddf922,2026-09-13 11:15,Recommended match,126
pc9e1495c,2026-09-13 12:15,From chat share,113
p8739e27f,2026-09-13 12:15,From chat share,87
p1aaac365,2026-09-13 12:25,From chat share,55
pd5495663,2026-09-13 12:45,Recommended match,40
p636647e0,2026-09-13 13:15,From chat share,48
pea2961dc,2026-09-13 13:30,From Community,135
p54d0225a,2026-09-13 14:10,From chat share,201
p95495ca2,2026-09-13 14:15,Recommended match,42
pe370b4e2,2026-09-13 14:30,From Community,105
pc495bf1e,2026-09-13 14:45,From Community,98
p1094f8aa,2026-09-13 14:55,Visited profile,50
p731c5de0,2026-09-13 15:05,Recommended match,81
pb42031d3,2026-09-13 15:15,From chat share,37
p6d1da681,2026-09-13 15:20,Recommended match,195
p9044eb53,2026-09-13 15:20,From chat share,97
p390d15ac,2026-09-13 15:55,Recommended match,62
p23ae5efc,2026-09-13 16:00,From chat share,207
pd702b381,2026-09-13 16:25,From chat share,130
p218763d8,2026-09-13 16:45,Recommended match,196
pb653815a,2026-09-13 17:05,Visited profile,191
pf66a277f,2026-09-13 17:10,From chat share,129
pd9aec628,2026-09-13 17:25,From Community,109
p8f5d0a91,2026-09-13 17:35,Visited profile,175
peb836eb1,2026-09-13 17:55,From Community,67
p7ca703e7,2026-09-13 18:05,From Community,196
peceb7727,2026-09-13 18:25,From chat share,217
p516dd06d,2026-09-13 18:30,From Community,119
p6f2f7c97,2026-09-13 18:45,Visited profile,17
p6a7bcc2b,2026-09-13 19:40,Recommended match,197
p4016031c,2026-09-13 20:15,Recommended match,120
p4fe60778,2026-09-13 20:20,From chat share,171
pec3f6766,2026-09-13 20:25,From chat share,146
p13af1998,2026-09-13 20:30,From Community,144
p2869822a,2026-09-13 20:45,From chat share,159
p539aaf9a,2026-09-13 20:50,From chat share,186
p707a552a,2026-09-14 02:15,From chat share,83
p75957ab7,2026-09-14 08:20,From chat share,219
p0ccde525,2026-09-14 08:50,Recommended match,141
p626f4e5e,2026-09-14 09:00,Recommended match,97
pf1c75d48,2026-09-14 09:00,Visited profile,83
p24c2a927,2026-09-14 09:25,Visited profile,26
p79a18079,2026-09-14 09:40,Visited profile,170
p5b335b45,2026-09-14 10:00,Recommended match,21
p881e2c13,2026-09-14 10:15,Recommended match,167
p5f630940,2026-09-14 10:15,From chat share,63
pc9e1495c,2026-09-14 10:25,From Community,131
p7d97f8f5,2026-09-14 10:25,Recommended match,60
p9edd5c02,2026-09-14 10:45,From chat share,86
p543dedc0,2026-09-14 11:55,Recommended match,77
p6e8c6b49,2026-09-14 12:15,Recommended match,139
p6fc9f3c5,2026-09-14 12:50,From chat share,46
p57dfae04,2026-09-14 13:35,Visited profile,38
p6d2d0bc6,2026-09-14 14:00,From chat share,213
p7d94a0b8,2026-09-14 14:20,From Community,146
pa91c8694,2026-09-14 14:30,Visited profile,212
pe7c1c7b5,2026-09-14 15:35,Recommended match,56
pfae0a1f7,2026-09-14 16:05,From Community,183
p143045f1,2026-09-14 16:05,Recommended match,158
p13238bce,2026-09-14 16:45,Recommended match,32
pb7d17f76,2026-09-14 17:45,From Community,122
pc040d255,2026-09-14 17:55,From Community,32
p556c718d,2026-09-14 18:30,From Community,194
p5d94c9ca,2026-09-14 19:05,Recommended match,23
pbcc73235,2026-09-14 19:20,Visited profile,64
p1094f8aa,2026-09-14 19:40,Visited profile,91
pbd453686,2026-09-14 19:45,From chat share,175
pd9115cdb,2026-09-14 19:50,Recommended match,104
pe2cf1403,2026-09-14 19:50,From Community,211
p6f2f7c97,2026-09-14 19:50,From chat share,67
pc289dda1,2026-09-14 20:20,Visited profile,52
pa31700ca,2026-09-14 20:35,Visited profile,41
p6d0727f4,2026-09-14 20:50,From chat share,174
p1a9ed0df,2026-09-14 20:55,Recommended match,215
p9023d23d,2026-09-14 21:15,From chat share,74
p178a5bb5,2026-09-15 08:35,From chat share,67
p11035fc8,2026-09-15 08:40,Visited profile,189
p143045f1,2026-09-15 09:00,Recommended match,145
pcee4f0e1,2026-09-15 09:05,Visited profile,110
p9b441f9a,2026-09-15 09:50,Recommended match,128
p6a5e184c,2026-09-15 11:00,Visited profile,32
p689c538b,2026-09-15 12:05,Visited profile,60
p73c0ec46,2026-09-15 12:50,From Community,104
pd57d2e87,2026-09-15 13:25,From chat share,176
p1821db5d,2026-09-15 13:25,Visited profile,41
p1603934d,2026-09-15 13:30,Recommended match,129
pbfe0d418,2026-09-15 14:10,From Community,175
p6cd4dcbb,2026-09-15 14:35,Visited profile,57
pb7912e2b,2026-09-15 16:10,From Community,39
p2f10f37e,2026-09-15 16:15,From chat share,46
p97d38684,2026-09-15 16:15,From Community,93
p6d1da681,2026-09-15 16:50,From chat share,28
p403d46a9,2026-09-15 17:00,From Community,194
p2c3dbeb2,2026-09-15 17:00,From chat share,25
p626f4e5e,2026-09-15 17:05,Visited profile,172
pd5b97457,2026-09-15 17:10,From chat share,56
p71432053,2026-09-15 18:10,From Community,190
ped462f71,2026-09-15 18:25,Visited profile,89
p32e9f6a4,2026-09-15 18:25,From chat share,140
pba9e6586,2026-09-15 18:40,Visited profile,131
p400bcd0f,2026-09-15 18:40,Recommended match,137
p37b7ad75,2026-09-15 18:45,From Community,121
p4d755649,2026-09-15 19:10,Visited profile,103
p7d94a0b8,2026-09-15 19:10,From chat share,171
p2b336d29,2026-09-15 19:15,Recommended match,212
p05d104d0,2026-09-15 19:30,From chat share,88
p03a448da,2026-09-15 19:30,Visited profile,70
p400bcd0f,2026-09-15 19:40,From Community,77
p7e9115b0,2026-09-15 20:20,Visited profile,62
p37b7ad75,2026-09-15 20:35,Recommended match,67
p4397041d,2026-09-15 20:55,Recommended match,88
p655c4acd,2026-09-15 21:50,Visited profile,125
p1db414cf,2026-09-15 21:55,From chat share,108
p4f2fe46c,2026-09-15 21:55,Recommended match,140
p9044eb53,2026-09-16 08:25,From chat share,16
p1474ee29,2026-09-16 08:35,From chat share,200
p0509f389,2026-09-16 08:45,Visited profile,204
p1db414cf,2026-09-16 08:55,Visited profile,69
p8e5aa9bd,2026-09-16 09:05,Visited profile,150
p2f10f37e,2026-09-16 09:25,From chat share,44
pf9f29267,2026-09-16 09:50,From chat share,223
pf8197a19,2026-09-16 09:50,From Community,196
p6d1da681,2026-09-16 10:00,Recommended match,61
p12039013,2026-09-16 10:30,Visited profile,150
p328d9dba,2026-09-16 11:20,From chat share,175
pc01a0c8d,2026-09-16 12:00,Visited profile,169
pa05d7266,2026-09-16 12:15,From Community,77
p085f40c9,2026-09-16 12:40,Visited profile,173
pf0120b91,2026-09-16 12:45,Recommended match,205
pce48af42,2026-09-16 13:05,From chat share,191
pc495bf1e,2026-09-16 13:05,From Community,199
p908dcb09,2026-09-16 13:10,From chat share,166
pa0179620,2026-09-16 13:30,Recommended match,113
jia,2026-09-16 13:50,Visited profile,43
p1821db5d,2026-09-16 13:55,From Community,219
pcb36c9b6,2026-09-16 14:00,From Community,79
p527a5311,2026-09-16 14:05,Recommended match,133
p15378cab,2026-09-16 14:45,From chat share,68
pc9e1495c,2026-09-16 15:20,From Community,62
p52a5b278,2026-09-16 15:20,From chat share,159
pfd90d55e,2026-09-16 15:25,Visited profile,143
p61f9b5ed,2026-09-16 15:35,Recommended match,136
p7a18006d,2026-09-16 15:50,Recommended match,144
peb241422,2026-09-16 16:05,Recommended match,78
p73c0ec46,2026-09-16 16:10,Visited profile,73
pdea06b3a,2026-09-16 16:25,Visited profile,169
p23ae5efc,2026-09-16 16:25,Visited profile,69
p6f1970e5,2026-09-16 16:25,Recommended match,54
p5968ca65,2026-09-16 17:00,Visited profile,173
pc9e1495c,2026-09-16 17:10,From Community,61
pd7442d62,2026-09-16 17:15,Visited profile,203
p0bdca02b,2026-09-16 17:25,Visited profile,38
p7013c59b,2026-09-16 17:35,From chat share,158
p0dc66820,2026-09-16 17:35,From Community,35
p4e56a8f1,2026-09-16 17:55,From Community,159
pba1a46ca,2026-09-16 18:05,From Community,220
pb3caed82,2026-09-16 18:25,From chat share,69
paaeeab92,2026-09-16 18:50,Recommended match,211
p8c8ebc4c,2026-09-16 18:55,Visited profile,45
pdc369e2f,2026-09-16 19:20,From Community,167
p54123024,2026-09-16 19:40,From Community,67
p9051c19e,2026-09-16 19:55,From chat share,53
p3564a040,2026-09-16 20:00,Recommended match,136
p2198461e,2026-09-16 20:15,Recommended match,175
p8eebd768,2026-09-16 20:35,From Community,88
p7ca703e7,2026-09-16 20:35,From chat share,168
p165009cb,2026-09-16 20:50,Visited profile,217
p186ed56c,2026-09-16 20:50,From chat share,168
pae8a099d,2026-09-16 21:10,Recommended match,203
p1094f8aa,2026-09-16 21:50,From chat share,104
pc9e1495c,2026-09-16 21:55,Recommended match,56
pe363cd76,2026-09-17 08:45,Recommended match,53
p1bdade64,2026-09-17 08:50,From chat share,123
pc9e1495c,2026-09-17 09:00,From Community,162
pa643f62f,2026-09-17 09:10,Recommended match,118
pcee4f0e1,2026-09-17 09:15,Visited profile,208
pfdb9975d,2026-09-17 09:30,Visited profile,203
p6f2f7c97,2026-09-17 09:40,From Community,47
p7372a83a,2026-09-17 10:15,Recommended match,219
p91b2fe2b,2026-09-17 10:15,Recommended match,73
p99827d74,2026-09-17 10:20,Recommended match,167
p6fc9f3c5,2026-09-17 11:00,Visited profile,54
p88e4ecb0,2026-09-17 11:50,Visited profile,61
pc2635068,2026-09-17 12:15,From chat share,118
pf007bdc1,2026-09-17 12:30,Recommended match,208
pa91c8694,2026-09-17 12:30,From chat share,93
pb698c53e,2026-09-17 12:50,From Community,96
p3fd36412,2026-09-17 13:10,From chat share,181
p469ad4f9,2026-09-17 13:10,Visited profile,50
p4d5201fd,2026-09-17 14:00,From chat share,87
p4e56a8f1,2026-09-17 14:00,From Community,122
p544f37ef,2026-09-17 14:15,Visited profile,198
pa9f98951,2026-09-17 14:20,Visited profile,47
pe927881b,2026-09-17 14:30,Visited profile,30
pc289dda1,2026-09-17 14:45,From Community,91
pf5534f75,2026-09-17 14:50,From Community,142
p9104566e,2026-09-17 14:50,From Community,106
p210f86ca,2026-09-17 14:55,From Community,151
p391ef1db,2026-09-17 15:00,From Community,174
pd8984db0,2026-09-17 15:00,Visited profile,27
pd2fdcbac,2026-09-17 15:15,Recommended match,187
pd159409a,2026-09-17 15:50,Visited profile,111
p4618fe59,2026-09-17 16:00,From chat share,173
pb7d17f76,2026-09-17 16:05,Visited profile,75
pa896d5db,2026-09-17 16:25,Visited profile,145
pb20b9dd0,2026-09-17 16:35,From Community,216
p58705e53,2026-09-17 16:45,Visited profile,185
p400bcd0f,2026-09-17 16:50,Visited profile,118
pc9e1495c,2026-09-17 16:55,Visited profile,185
p11435c17,2026-09-17 17:10,Recommended match,162
p371a588f,2026-09-17 17:20,From Community,170
p7430ef89,2026-09-17 17:25,From Community,122
p033f04e8,2026-09-17 17:40,From Community,155
p4e56a8f1,2026-09-17 18:25,From Community,204
pb31db811,2026-09-17 18:40,From Community,133
p3c1fb773,2026-09-17 18:50,Visited profile,236
paa69d6ae,2026-09-17 18:55,Visited profile,79
p4d755649,2026-09-17 19:05,From Community,139
paf81cef5,2026-09-17 19:20,From Community,169
p6e8c6b49,2026-09-17 19:35,From chat share,126
pb2cc7d45,2026-09-17 19:40,From Community,153
pe7c1c7b5,2026-09-17 19:50,From Community,62
pd5b97457,2026-09-17 20:00,Recommended match,214
p6b794b2e,2026-09-17 20:10,From Community,146
pe927881b,2026-09-17 20:15,Visited profile,59
p7e9115b0,2026-09-17 20:15,From Community,102
p2869822a,2026-09-17 20:20,From chat share,120
pb9a7773f,2026-09-17 20:20,From Community,240
pe39ad5f2,2026-09-17 20:50,Recommended match,71
p7e5ff590,2026-09-17 21:05,From chat share,196
p0dc66820,2026-09-17 21:10,Visited profile,75
p5f630940,2026-09-17 21:30,From chat share,44
p0813ed73,2026-09-17 21:35,From Community,106
pb698c53e,2026-09-18 08:00,Recommended match,217
p5fe678f8,2026-09-18 08:15,Recommended match,181
p99bc3448,2026-09-18 08:35,From chat share,133
p2198461e,2026-09-18 08:35,Recommended match,62
pa4ba5d68,2026-09-18 08:50,Recommended match,223
pe37491dd,2026-09-18 08:50,Recommended match,112
pb045aefb,2026-09-18 08:55,Visited profile,96
p544f37ef,2026-09-18 09:45,From Community,84
p391ef1db,2026-09-18 09:50,Visited profile,158
pc5d570f4,2026-09-18 09:50,Recommended match,141
p6e59ea6f,2026-09-18 09:55,Visited profile,181
pf0c10b19,2026-09-18 10:10,Recommended match,121
p777ae14b,2026-09-18 10:40,Visited profile,116
p247896a2,2026-09-18 10:45,From Community,165
p29a7ba5e,2026-09-18 10:55,Recommended match,33
p6c7d0962,2026-09-18 11:35,From chat share,31
pb31db811,2026-09-18 11:35,Visited profile,35
p7145a2aa,2026-09-18 11:45,From Community,86
p87bd2314,2026-09-18 12:15,Recommended match,157
pc10e9d75,2026-09-18 12:15,Recommended match,208
p540c5229,2026-09-18 12:15,From Community,135
pe3cee1ba,2026-09-18 12:20,From Community,147
p0bdca02b,2026-09-18 12:25,From Community,112
p73c0ec46,2026-09-18 12:25,From chat share,212
p391ef1db,2026-09-18 12:30,From chat share,39
p13af1998,2026-09-18 12:40,Recommended match,102
p396472bb,2026-09-18 12:50,Recommended match,45
p08cbd87c,2026-09-18 12:50,From chat share,170
pecb9a9f0,2026-09-18 13:05,Recommended match,72
pd5b97457,2026-09-18 13:10,From chat share,129
pf9f29267,2026-09-18 13:10,From chat share,190
p45a021cf,2026-09-18 13:50,From Community,69
p71ea99cd,2026-09-18 14:05,Recommended match,135
p137d6a87,2026-09-18 14:05,From chat share,83
p6b794b2e,2026-09-18 14:15,Visited profile,215
pe8572a80,2026-09-18 14:30,From chat share,63
p376208b2,2026-09-18 14:35,From chat share,74
peda519a0,2026-09-18 14:45,From chat share,41
pd7442d62,2026-09-18 15:10,From chat share,96
p2f10f37e,2026-09-18 15:25,From Community,157
pd474efed,2026-09-18 15:35,Visited profile,36
p67d9454c,2026-09-18 15:50,From chat share,107
p0dc66820,2026-09-18 16:15,Visited profile,110
pf83dc512,2026-09-18 16:15,From chat share,211
pa9149edf,2026-09-18 16:25,Recommended match,157
p3fd36412,2026-09-18 16:40,Recommended match,162
pf7891625,2026-09-18 17:00,From chat share,30
p54123024,2026-09-18 17:40,Recommended match,45
p78194bca,2026-09-18 17:45,From chat share,172
p0fcca927,2026-09-18 18:00,Visited profile,64
p5b0e3d08,2026-09-18 18:00,From chat share,32
p21a52fd5,2026-09-18 18:35,Recommended match,129
p298bbd7d,2026-09-18 18:40,Visited profile,173
p663ada87,2026-09-18 18:50,Visited profile,137
p9044eb53,2026-09-18 19:15,From chat share,154
p69588106,2026-09-18 19:25,From Community,211
pe1f4bffa,2026-09-18 19:35,Visited profile,99
p62694e37,2026-09-18 19:40,Visited profile,17
p031345ff,2026-09-18 19:45,From Community,108
p623084c8,2026-09-18 20:20,From Community,60
pe5920edf,2026-09-18 20:25,From chat share,47
pf7891625,2026-09-18 20:30,From chat share,69
p52a5b278,2026-09-18 20:30,Visited profile,210
p103aa5cd,2026-09-18 20:45,From Community,57
p067566cc,2026-09-18 20:50,From Community,48
p2198461e,2026-09-18 20:55,From chat share,160
p41f5241c,2026-09-18 21:10,Recommended match,52
p5e3bd96a,2026-09-18 21:25,Recommended match,180
p952d8d46,2026-09-18 21:45,Visited profile,143
p5d4c96e4,2026-09-18 21:45,Visited profile,199
pc773ae97,2026-09-19 00:40,From chat share,38
p0813ed73,2026-09-19 02:30,From chat share,111
p1aaac365,2026-09-19 08:00,Recommended match,204
p5c85e60d,2026-09-19 08:20,Recommended match,104
p5f60026d,2026-09-19 08:30,From chat share,57
p2d1e31e5,2026-09-19 08:40,Visited profile,200
p313f92dc,2026-09-19 09:10,Visited profile,67
pdd562f24,2026-09-19 09:25,From Community,169
pd4ec667f,2026-09-19 10:00,Recommended match,162
pfb2469f4,2026-09-19 10:05,Recommended match,54
p1a9ed0df,2026-09-19 10:15,From Community,189
p16192f7d,2026-09-19 10:25,From chat share,112
pd81c702a,2026-09-19 10:45,From Community,153
pdb10ec9d,2026-09-19 11:00,Visited profile,210
pf0e7efdb,2026-09-19 11:05,Recommended match,124
p3c1fb773,2026-09-19 11:15,From Community,64
pb7629586,2026-09-19 11:50,Recommended match,70
pd6c10d09,2026-09-19 12:15,Visited profile,136
peb054b19,2026-09-19 13:10,From Community,71
p4d755649,2026-09-19 13:25,From Community,75
p92e06c6e,2026-09-19 13:25,Visited profile,142
pf83dc512,2026-09-19 13:30,From chat share,41
p08cbd87c,2026-09-19 13:35,Visited profile,71
p952d8d46,2026-09-19 13:40,From chat share,136
p15eb5ff8,2026-09-19 13:40,From Community,187
p3f677114,2026-09-19 13:40,From Community,137
pd9cd4f19,2026-09-19 13:45,Visited profile,185
p747b2ba9,2026-09-19 13:55,Recommended match,150
p6cbf2566,2026-09-19 14:00,From Community,157
p2d5fc75c,2026-09-19 14:05,From chat share,214
p1f5bf754,2026-09-19 14:25,Visited profile,84
p5376e664,2026-09-19 14:45,Recommended match,81
p143045f1,2026-09-19 14:50,From chat share,98
pc4039cf4,2026-09-19 15:10,From Community,61
pf6861319,2026-09-19 15:25,From chat share,128
p9bb72e41,2026-09-19 16:00,Visited profile,161
p5f630940,2026-09-19 16:05,From Community,78
p25b72e6d,2026-09-19 16:10,From chat share,73
pf485b433,2026-09-19 16:25,Recommended match,207
p70d0af6e,2026-09-19 16:30,Recommended match,15
p13af1998,2026-09-19 16:35,From Community,180
p5dbede93,2026-09-19 16:40,From Community,209
p629a4c8b,2026-09-19 17:00,Recommended match,207
p1aaac365,2026-09-19 17:25,From chat share,163
pa91c8694,2026-09-19 17:40,Recommended match,156
pc724f5ce,2026-09-19 17:45,From chat share,71
p2869822a,2026-09-19 18:00,Recommended match,108
pb9a7773f,2026-09-19 18:10,Recommended match,173
pcec9b2ba,2026-09-19 18:20,From Community,219
p070bdf27,2026-09-19 18:30,From Community,205
pac45174a,2026-09-19 19:05,Visited profile,140
p39d52f48,2026-09-19 19:05,Recommended match,106
pc81d7dd0,2026-09-19 19:10,Recommended match,229
p01c6b10a,2026-09-19 19:15,Visited profile,114
p74bb30c7,2026-09-19 19:20,From chat share,82
p70915418,2026-09-19 19:40,Visited profile,84
p74e86027,2026-09-19 19:50,Visited profile,141
pc2635068,2026-09-19 19:55,From Community,141
pe859dda3,2026-09-19 20:10,From chat share,20
pf007bdc1,2026-09-19 20:15,Visited profile,60
p281e8376,2026-09-19 20:15,Visited profile,167
pf1788bc2,2026-09-19 20:20,Recommended match,20
p031345ff,2026-09-19 20:40,Visited profile,44
p1ed58b32,2026-09-19 21:20,Recommended match,76
p4a160eeb,2026-09-19 21:30,Recommended match,124
pf30c22a3,2026-09-19 21:35,Visited profile,81
p2c4ddc07,2026-09-19 21:50,Recommended match,119
p7e5ff590,2026-09-19 21:55,Recommended match,207
pd81c702a,2026-09-19 21:55,Recommended match,219
pf6861319,2026-09-20 08:00,Recommended match,157
pac45174a,2026-09-20 08:10,From Community,51
pf9f29267,2026-09-20 08:35,From chat share,123
pb23a2b16,2026-09-20 08:50,Recommended match,176
p5531361d,2026-09-20 08:55,From chat share,110
pc773ae97,2026-09-20 09:15,Visited profile,212
pd702b381,2026-09-20 09:25,Visited profile,208
p73c0ec46,2026-09-20 09:25,From chat share,179
p6d1da681,2026-09-20 09:55,Recommended match,46
paa69d6ae,2026-09-20 09:55,From chat share,59
pa9f98951,2026-09-20 10:00,Visited profile,91
p540c5229,2026-09-20 10:10,Recommended match,98
p73c0ec46,2026-09-20 10:25,From Community,130
pd9115cdb,2026-09-20 10:45,From Community,108
pa91c8694,2026-09-20 10:55,From chat share,65
pac45174a,2026-09-20 11:05,Visited profile,160
p6d2d0bc6,2026-09-20 11:05,From chat share,31
p070c18bc,2026-09-20 11:10,From chat share,18
p5f60026d,2026-09-20 11:10,Recommended match,100
p1bdade64,2026-09-20 11:15,From chat share,23
pfe8e9f4b,2026-09-20 11:20,From chat share,53
p5376e664,2026-09-20 11:20,Recommended match,117
p6e435801,2026-09-20 11:35,From chat share,17
pa9f98951,2026-09-20 12:30,Visited profile,28
p1094f8aa,2026-09-20 12:30,Recommended match,171
p54d0225a,2026-09-20 12:40,Recommended match,97
p182bd058,2026-09-20 12:45,Recommended match,194
pd702b381,2026-09-20 12:50,Visited profile,193
p8557bc4d,2026-09-20 12:55,From Community,208
p40b37181,2026-09-20 12:55,Visited profile,39
p4a160eeb,2026-09-20 13:25,Visited profile,93
pdc05785f,2026-09-20 13:40,Visited profile,68
pd07ccbdf,2026-09-20 13:40,From Community,135
p6d1da681,2026-09-20 13:55,From chat share,132
p2d20a353,2026-09-20 14:00,Visited profile,102
pa896d5db,2026-09-20 14:00,Visited profile,87
p6d1da681,2026-09-20 14:05,From chat share,25
pba9e6586,2026-09-20 15:00,Recommended match,65
pd1ea29c5,2026-09-20 15:05,From Community,131
pe1f4bffa,2026-09-20 15:05,Visited profile,94
pd1755c5e,2026-09-20 15:30,From Community,193
p247896a2,2026-09-20 15:35,Visited profile,203
pd5b97457,2026-09-20 15:50,From Community,82
p0750e213,2026-09-20 15:50,From chat share,42
p0813ed73,2026-09-20 16:10,Visited profile,127
p07e67453,2026-09-20 16:15,From chat share,47
p1520c727,2026-09-20 16:30,Recommended match,118
p99827d74,2026-09-20 16:35,Recommended match,212
p20026192,2026-09-20 16:40,From Community,151
pe363cd76,2026-09-20 17:15,Recommended match,160
pd5b97457,2026-09-20 17:20,From Community,41
p908dcb09,2026-09-20 17:20,From Community,78
pa4ba5d68,2026-09-20 17:30,From Community,61
p30674e75,2026-09-20 18:00,Visited profile,151
p4e46f5b2,2026-09-20 18:10,Visited profile,127
pb0e5bc70,2026-09-20 18:15,From chat share,23
p5c7331cc,2026-09-20 18:30,Recommended match,36
p4283c2be,2026-09-20 18:40,Visited profile,80
p298bbd7d,2026-09-20 18:40,Recommended match,59
p287dfc1a,2026-09-20 18:45,Visited profile,42
pdd562f24,2026-09-20 19:00,Visited profile,204
p58705e53,2026-09-20 19:45,Visited profile,177
pc53a1048,2026-09-20 19:50,From Community,211
p5376e664,2026-09-20 19:55,Recommended match,67
pa9f98951,2026-09-20 20:05,Recommended match,93
p958037ff,2026-09-20 20:10,From Community,160
p4fe60778,2026-09-20 20:10,From chat share,78
pa6942f57,2026-09-20 20:20,Recommended match,100
pf0120b91,2026-09-20 20:40,From chat share,38
p33d7fd7d,2026-09-20 20:50,From chat share,76
p757cd7d8,2026-09-20 21:05,From chat share,200
p9a9ef6b2,2026-09-20 21:10,From chat share,69
pb698c53e,2026-09-20 21:40,From Community,100
pc42b9e12,2026-09-20 21:45,From Community,191
pdd094e28,2026-09-20 21:55,Recommended match,112
pf6861319,2026-09-21 08:00,From chat share,45
pa643f62f,2026-09-21 08:10,From chat share,166
pcee4f0e1,2026-09-21 08:15,From Community,56
p033f04e8,2026-09-21 08:20,From Community,19
p5b9bd833,2026-09-21 08:25,Visited profile,65
pa9149edf,2026-09-21 08:30,Visited profile,195
p12039013,2026-09-21 08:35,Visited profile,102
pbd4e327a,2026-09-21 08:55,From chat share,125
pa9f98951,2026-09-21 09:25,Recommended match,120
pe19a0eef,2026-09-21 09:35,From Community,190
p2f10f37e,2026-09-21 09:35,Visited profile,148
pd0f1f2f5,2026-09-21 09:45,From chat share,98
p29a7ba5e,2026-09-21 10:00,Recommended match,176
p763e2c28,2026-09-21 10:05,Recommended match,157
p3570779c,2026-09-21 10:10,From chat share,27
pac45174a,2026-09-21 10:10,From chat share,205
pb2b0ac29,2026-09-21 10:15,From Community,28
p6f1970e5,2026-09-21 10:15,Visited profile,98
pb31db811,2026-09-21 10:20,Visited profile,42
pd7442d62,2026-09-21 10:25,From Community,18
pe54d7ffd,2026-09-21 10:25,Recommended match,40
p8dab0a00,2026-09-21 10:40,From Community,42
pdca2ca07,2026-09-21 10:45,Visited profile,183
p2c3dbeb2,2026-09-21 10:50,Recommended match,33
pb3e1a384,2026-09-21 10:55,Recommended match,190
p3f26e6c8,2026-09-21 11:00,Visited profile,238
p3eb70295,2026-09-21 11:15,From Community,42
p46b78d33,2026-09-21 11:30,From Community,206
p5d0d2bdd,2026-09-21 11:30,From Community,34
pad53d8a8,2026-09-21 11:35,Visited profile,71
p1ed58b32,2026-09-21 11:35,Recommended match,44
p2d5fc75c,2026-09-21 11:45,From chat share,15
p103aa5cd,2026-09-21 11:55,From chat share,125
p80a00775,2026-09-21 12:25,Recommended match,176
p2b336d29,2026-09-21 12:55,Recommended match,166
p5fe678f8,2026-09-21 13:00,From Community,134
p7d6ea63c,2026-09-21 13:05,From Community,87
p98f358b5,2026-09-21 13:15,From Community,82
p137d6a87,2026-09-21 13:20,From chat share,55
p5fe678f8,2026-09-21 13:40,From chat share,25
p067566cc,2026-09-21 13:45,From Community,164
p5f630940,2026-09-21 14:00,From Community,30
p2aa020c2,2026-09-21 14:40,Recommended match,120
pd756529c,2026-09-21 14:45,From Community,226
p1b5bfbf9,2026-09-21 14:50,From chat share,96
p777ae14b,2026-09-21 15:05,From chat share,203
p12039013,2026-09-21 15:05,From Community,117
pe19a0eef,2026-09-21 15:15,Recommended match,51
pd1755c5e,2026-09-21 15:35,From chat share,136
p033f04e8,2026-09-21 15:45,Recommended match,95
p0509f389,2026-09-21 15:50,Recommended match,46
p7d94a0b8,2026-09-21 16:00,Recommended match,202
p0fdee569,2026-09-21 16:10,From chat share,52
pe5920edf,2026-09-21 16:30,From chat share,71
p1db414cf,2026-09-21 17:10,From chat share,187
p74bb30c7,2026-09-21 17:15,From chat share,186
pe1ec4e5b,2026-09-21 17:45,From Community,203
ravi,2026-09-21 17:50,Visited profile,215
pe1ec4e5b,2026-09-21 17:50,From chat share,68
p033f04e8,2026-09-21 17:50,Visited profile,136
p376208b2,2026-09-21 17:55,From Community,24
pfdb9975d,2026-09-21 18:05,Recommended match,174
pa9f98951,2026-09-21 18:10,Visited profile,172
p3837c478,2026-09-21 18:10,Recommended match,171
pa2392abb,2026-09-21 18:15,From chat share,199
pb698c53e,2026-09-21 18:15,Visited profile,121
pb2921423,2026-09-21 18:15,Recommended match,148
paa7adad7,2026-09-21 18:45,From Community,101
pd8984db0,2026-09-21 18:50,Visited profile,114
p182bd058,2026-09-21 18:55,Visited profile,94
p777ae14b,2026-09-21 19:30,Visited profile,176
p1ed6b161,2026-09-21 19:30,Visited profile,109
p757cd7d8,2026-09-21 19:30,From chat share,20
pdd3481b8,2026-09-21 19:55,Visited profile,16
pb1bf49ac,2026-09-21 19:55,From chat share,207
pd9aec628,2026-09-21 20:10,Recommended match,135
pdc369e2f,2026-09-21 20:15,From Community,102
p769a769a,2026-09-21 20:40,Visited profile,197
p41f44a6e,2026-09-21 20:50,From chat share,213
pdfcb084b,2026-09-21 21:15,Visited profile,19
pf007bdc1,2026-09-21 21:45,From chat share,191
pb7629586,2026-09-21 21:50,Recommended match,140
pd2489bf9,2026-09-22 02:00,Visited profile,141
p5f60026d,2026-09-22 08:05,Visited profile,119
p8c8ebc4c,2026-09-22 08:10,From Community,113
p0368e4cb,2026-09-22 08:20,Recommended match,63
pd5fc0c8a,2026-09-22 08:30,Visited profile,139
pee836b3a,2026-09-22 08:45,Visited profile,106
p8081e26f,2026-09-22 08:45,Visited profile,20
pa111b0e8,2026-09-22 09:00,Visited profile,189
pa2392abb,2026-09-22 09:05,Visited profile,28
p61572d93,2026-09-22 09:05,Visited profile,49
p1ed6b161,2026-09-22 09:15,From Community,25
p5bb22cab,2026-09-22 09:20,From Community,196
p84e0469c,2026-09-22 09:20,From chat share,58
p5fe678f8,2026-09-22 09:25,From Community,64
p1ed6b161,2026-09-22 09:30,From chat share,155
pfae0a1f7,2026-09-22 09:35,From Community,129
pab98605e,2026-09-22 09:40,Recommended match,21
pe363cd76,2026-09-22 09:45,From chat share,20
pd81c702a,2026-09-22 10:00,From Community,144
pa9f98951,2026-09-22 10:20,Recommended match,61
pf20f368b,2026-09-22 10:30,Visited profile,81
pf0575dde,2026-09-22 10:45,From chat share,137
p32e9f6a4,2026-09-22 11:00,Visited profile,21
jia,2026-09-22 11:15,Visited profile,83
pc289dda1,2026-09-22 11:15,Recommended match,133
p033f04e8,2026-09-22 11:35,From Community,91
p1094f8aa,2026-09-22 11:45,From Community,26
p5437f79d,2026-09-22 12:05,Visited profile,118
p8557bc4d,2026-09-22 12:10,From chat share,42
pa86488f7,2026-09-22 12:10,Visited profile,133
p2b336d29,2026-09-22 12:25,From chat share,28
pa91c8694,2026-09-22 12:30,From chat share,33
p033f04e8,2026-09-22 12:30,From Community,16
pd5fc0c8a,2026-09-22 12:40,Visited profile,36
p085f40c9,2026-09-22 12:50,From chat share,116
p4312164f,2026-09-22 13:30,Recommended match,68
pfdb9975d,2026-09-22 13:35,Recommended match,189
p46f27968,2026-09-22 13:50,From chat share,136
p99827d74,2026-09-22 13:55,Recommended match,63
p5c85e60d,2026-09-22 13:55,From Community,191
p6b794b2e,2026-09-22 14:10,From Community,84
p7e5ff590,2026-09-22 14:20,Visited profile,31
pf5672f4d,2026-09-22 14:20,From Community,143
p165009cb,2026-09-22 14:20,From chat share,109
p5e447b84,2026-09-22 14:20,Visited profile,198
p1ed6b161,2026-09-22 14:30,From Community,23
pb42031d3,2026-09-22 14:45,From chat share,82
pb48b418d,2026-09-22 14:45,Recommended match,110
p0b03847a,2026-09-22 15:00,Visited profile,36
p84e0469c,2026-09-22 15:00,From chat share,179
p15eb5ff8,2026-09-22 15:00,From Community,92
p4016031c,2026-09-22 15:25,Visited profile,188
pdd562f24,2026-09-22 15:30,From chat share,204
pb2921423,2026-09-22 15:35,From Community,89
p9b441f9a,2026-09-22 15:55,From Community,191
p43d4b531,2026-09-22 16:05,Visited profile,81
p5f60026d,2026-09-22 16:10,Recommended match,155
p2c2176c3,2026-09-22 16:25,Visited profile,137
p41dca28e,2026-09-22 16:55,Recommended match,30
pf65c190f,2026-09-22 17:10,From Community,17
pd756529c,2026-09-22 17:30,From chat share,66
pb2921423,2026-09-22 17:35,From Community,185
p4d755649,2026-09-22 17:40,Visited profile,62
p1be0953a,2026-09-22 17:45,From chat share,208
p74bb30c7,2026-09-22 17:45,From Community,39
p1b5bfbf9,2026-09-22 17:50,Visited profile,161
pc42b9e12,2026-09-22 17:55,From chat share,92
p8e100e7b,2026-09-22 17:55,Recommended match,28
pa4ba5d68,2026-09-22 18:00,Visited profile,140
pd1755c5e,2026-09-22 18:05,From Community,146
p1ed6b161,2026-09-22 18:15,From chat share,185
p84e0469c,2026-09-22 18:20,Recommended match,77
p5fe678f8,2026-09-22 18:30,Visited profile,168
p5616d153,2026-09-22 18:35,Recommended match,170
p8dab0a00,2026-09-22 18:35,Recommended match,50
p84e0469c,2026-09-22 18:50,Recommended match,31
p103aa5cd,2026-09-22 19:20,From chat share,41
pc10e9d75,2026-09-22 19:25,From chat share,140
p3094bd32,2026-09-22 19:35,Recommended match,25
p401bb7cc,2026-09-22 19:45,From chat share,127
p3837c478,2026-09-22 20:05,From chat share,168
pa55c9728,2026-09-22 20:05,Recommended match,59
p15a4852d,2026-09-22 20:25,Visited profile,22
pd5fc0c8a,2026-09-22 20:40,Visited profile,126
p18070452,2026-09-22 20:50,From Community,20
pe0f57027,2026-09-22 20:50,From chat share,85
p74e86027,2026-09-22 20:55,From Community,124
p070bdf27,2026-09-22 21:05,Visited profile,177
pe0f57027,2026-09-22 21:10,From chat share,178
pa86488f7,2026-09-22 21:15,Recommended match,118
p74e86027,2026-09-22 21:25,From Community,149
pe8efb698,2026-09-22 21:25,From chat share,67
p5616d153,2026-09-22 21:25,Visited profile,180
pdca75f9a,2026-09-22 21:40,Visited profile,195
pf0120b91,2026-09-23 08:15,From chat share,90
pf9f29267,2026-09-23 08:20,From chat share,81
p5f60026d,2026-09-23 08:35,Visited profile,77
p61572d93,2026-09-23 08:45,From chat share,85
pda5023b5,2026-09-23 09:00,From chat share,193
p0368e4cb,2026-09-23 09:10,Visited profile,124
pf0575dde,2026-09-23 09:20,Recommended match,141
pe232bb57,2026-09-23 09:40,Visited profile,173
pb0206def,2026-09-23 09:40,Visited profile,77
p20026192,2026-09-23 10:00,Visited profile,218
p24c2a927,2026-09-23 10:10,From chat share,150
pf990a184,2026-09-23 10:10,From chat share,45
p6d2d0bc6,2026-09-23 10:10,Visited profile,18
p84e0469c,2026-09-23 10:20,Recommended match,148
p766ea8da,2026-09-23 10:35,From Community,122
p5376e664,2026-09-23 10:50,From Community,209
p66df9d0d,2026-09-23 11:05,Visited profile,136
pf0575dde,2026-09-23 12:00,From Community,107
p689c538b,2026-09-23 12:35,Recommended match,112
p84e0469c,2026-09-23 12:35,Recommended match,16
pf485b433,2026-09-23 12:40,From Community,87
pa86488f7,2026-09-23 12:45,From Community,172
p391ef1db,2026-09-23 13:00,From chat share,73
p5437f79d,2026-09-23 13:10,From Community,132
pd5f351fc,2026-09-23 13:15,Visited profile,176
pc04e6f13,2026-09-23 13:25,From chat share,139
pd401accb,2026-09-23 13:25,Visited profile,210
p5028c862,2026-09-23 13:30,Visited profile,44
pd9723eb6,2026-09-23 13:35,Recommended match,86
p9a9ef6b2,2026-09-23 13:40,From chat share,55
p6e435801,2026-09-23 14:20,From Community,38
p881e2c13,2026-09-23 14:25,From chat share,137
p8dab0a00,2026-09-23 14:25,From Community,108
p62694e37,2026-09-23 14:25,From chat share,178
p6f3dd9d6,2026-09-23 14:40,Visited profile,187
pd5f351fc,2026-09-23 14:55,From Community,99
p3f26e6c8,2026-09-23 15:30,From chat share,116
p6748ac36,2026-09-23 15:30,Recommended match,178
p0368e4cb,2026-09-23 15:50,From chat share,40
p6e59ea6f,2026-09-23 15:50,Recommended match,208
p2198461e,2026-09-23 16:00,Recommended match,20
pe232bb57,2026-09-23 17:05,From Community,107
p5c85e60d,2026-09-23 17:05,Recommended match,150
pf0120b91,2026-09-23 17:05,Recommended match,28
p6f3dd9d6,2026-09-23 17:25,From Community,207
p2273a5ce,2026-09-23 17:30,From chat share,69
ravi,2026-09-23 17:35,Recommended match,127
p73c0ec46,2026-09-23 18:05,From Community,210
pee4d241f,2026-09-23 18:20,Recommended match,51
p7b1c3a77,2026-09-23 18:20,Recommended match,72
pa684b853,2026-09-23 18:35,Visited profile,199
pf20f368b,2026-09-23 18:40,From chat share,50
pa86488f7,2026-09-23 18:55,Visited profile,142
p0368e4cb,2026-09-23 19:00,Visited profile,111
pd702b381,2026-09-23 19:15,From chat share,120
p97d38684,2026-09-23 20:15,From Community,49
pf83dc512,2026-09-23 20:30,Recommended match,57
pd5f351fc,2026-09-23 20:45,Recommended match,152
p1be0953a,2026-09-23 20:50,Visited profile,235
p033f04e8,2026-09-23 21:00,Recommended match,186
p73c0ec46,2026-09-23 21:05,Visited profile,155
pef5ab5aa,2026-09-23 21:10,From chat share,90
p763e2c28,2026-09-23 21:50,From Community,84
p84e0469c,2026-09-23 21:50,Visited profile,192
aarav,2026-09-12 11:25,Recommended match,88
aarav,2026-09-21 18:05,Recommended match,64
aarav,2026-09-23 11:28,Recommended match,92
meera,2026-09-03 14:35,Visited profile,54
meera,2026-09-22 16:40,Visited profile,71
sohan,2026-09-18 16:20,From chat share,41
sohan,2026-09-23 16:12,From chat share,48
jia,2026-09-16 18:00,Recommended match,39
jia,2026-09-23 10:20,Recommended match,55
tanvi,2026-09-20 10:08,From Community,80
ananya,2026-09-18 12:10,Recommended match,40
kabir,2026-09-10 13:55,Visited profile,62
kabir,2026-09-23 14:15,Visited profile,88
rohan,2026-09-15 11:20,From Community,44
rohan,2026-09-18 11:42,From Community,70
